a,b,n_shared,rho,groove_distance,hamming,floor_share_max
HLA-B*14:01(C67S),HLA-B*14:02(C67S),368,0.6432575252403512,0.0,0,0.8903743315508021
HLA-A*02:01,HLA-A*02:16,369,0.9205091404284501,0.030000016212461844,1,0.015640273704789834
HLA-A*02:12,HLA-A*02:19,347,0.9074327550930747,0.05282165313628162,1,0.04519774011299435
HLA-A*23:01,HLA-A*24:02,303,0.9011550749062038,0.03429745709987131,1,0.017452006980802792
HLA-B*27:03,HLA-B*27:05,245,0.9006684204570788,0.027157488148227382,1,0.35597826086956524
HLA-A*02:01,HLA-A*02:12,368,0.8376372597698863,0.03241596909982691,1,0.024193548387096774
HLA-B*42:01,HLA-B*42:02,346,0.825219546161485,0.02784494465491716,1,0.09574468085106383
HLA-A*24:02,HLA-A*24:03,388,0.8215217901189931,0.05446576715729612,1,0.017452006980802792
HLA-A*24:02,HLA-A*24:07,289,0.815430734683289,0.03445216330045431,1,0.017452006980802792
HLA-B*35:01,HLA-B*35:03,359,0.7438286496469017,0.035884699642463436,1,0.13076923076923078
HLA-A*26:01,HLA-A*26:02,170,0.6919522220832739,0.024509804379889588,1,0.08163265306122448
HLA-B*57:02,HLA-B*57:03,356,0.6656775688692501,0.03341585575669781,1,0.06611570247933884
HLA-B*39:01,HLA-B*39:10,117,0.6574426703314031,0.050239260637211625,1,0.19558823529411765
HLA-A*23:01,HLA-A*24:07,338,0.8440405723917467,0.06913577002755444,2,0.011363636363636364
HLA-A*23:01,HLA-A*24:03,357,0.8255457285604159,0.0884304656653,2,0.0
HLA-A*31:01,HLA-A*74:01,354,0.8133904516994231,0.06734495005493835,2,0.15789473684210525
HLA-B*55:01,HLA-B*56:01,361,0.7917187805944652,0.05998828211760432,2,0.5555555555555556
HLA-A*02:12,HLA-A*02:16,363,0.7575795951856507,0.062341265078267205,2,0.024193548387096774
HLA-B*54:01,HLA-B*56:01,345,0.7529962846983723,0.06498826784750633,2,0.483695652173913
HLA-A*02:01,HLA-A*02:19,351,0.7158914049685353,0.08581202488280981,2,0.04519774011299435
HLA-A*02:03,HLA-A*02:50,371,0.711781777508573,0.0361417768197424,2,0.036939313984168866
HLA-B*57:01,HLA-B*57:03,340,0.707984736511153,0.06490662279715975,2,0.1318051575931232
HLA-A*24:03,HLA-A*24:07,341,0.7056896226294054,0.08880542550167025,2,0.011363636363636364
HLA-A*02:01,HLA-A*02:50,370,0.6593336195741178,0.05145679890301347,2,0.015640273704789834
HLA-A*02:12,HLA-A*02:50,365,0.6588072628288857,0.05381930995845985,2,0.024193548387096774
HLA-B*57:01,HLA-B*58:01,218,0.6489225370665793,0.07049292941225982,2,0.15567282321899736
HLA-A*02:03,HLA-A*02:12,369,0.623302681528265,0.08054994559408057,2,0.036939313984168866
HLA-A*02:01,HLA-A*02:11,374,0.6201607732931483,0.06798347607671007,2,0.015640273704789834
HLA-B*54:01,HLA-B*55:01,350,0.5974608046724639,0.06965171438358964,2,0.5555555555555556
HLA-A*02:01,HLA-A*02:03,375,0.5796979773587694,0.07825417805060075,2,0.036939313984168866
HLA-A*26:01,HLA-A*43:01,57,0.5649704670517015,0.059101874430244394,2,0.22562674094707522
HLA-A*26:03,HLA-A*66:01,335,0.4887983113042643,0.07118292179321273,2,0.387434554973822
HLA-A*31:01,HLA-A*33:03,365,0.41805550516380724,0.0493474301789808,2,0.3665768194070081
HLA-A*02:01,HLA-A*02:10,366,0.37258340157926717,0.03500003480910918,2,0.04864864864864865
HLA-B*39:01,HLA-B*39:02,318,0.3518058781868885,0.06588158280153089,2,0.19558823529411765
HLA-B*39:02,HLA-B*39:10,52,-0.29155630995512194,0.06627787765550208,2,0.184
HLA-A*26:01,HLA-A*26:03,160,0.7292446638160363,0.0829158621217363,3,0.2873900293255132
HLA-A*02:16,HLA-A*02:19,348,0.6617904382022033,0.11611661727204003,3,0.04519774011299435
HLA-A*02:16,HLA-A*02:50,369,0.6509973121921844,0.08094520557409668,3,0.013404825737265416
HLA-A*02:11,HLA-A*02:16,370,0.6290794364564718,0.09821105511646844,3,0.013404825737265416
HLA-A*02:11,HLA-A*02:12,369,0.5818588585022468,0.10045711660265355,3,0.024193548387096774
HLA-B*41:01,HLA-B*45:01,333,0.5597998023036536,0.11188523747022283,3,0.6711956521739131
HLA-A*02:19,HLA-A*02:50,348,0.5531602494318797,0.10636690671497706,3,0.04519774011299435
HLA-B*57:01,HLA-B*57:02,335,0.53593114418801,0.09839715908313051,3,0.1318051575931232
HLA-A*02:03,HLA-A*02:19,350,0.5351623875456665,0.13328101784755775,3,0.04519774011299435
HLA-A*02:03,HLA-A*02:16,369,0.5249855343935891,0.10767161481241894,3,0.036939313984168866
HLA-A*26:02,HLA-A*43:01,95,0.47433825342241565,0.08373271492181289,3,0.22562674094707522
HLA-A*66:01,HLA-A*68:23,361,0.40484128726915947,0.08229138714522033,3,0.387434554973822
HLA-A*26:01,HLA-A*66:01,177,0.3973811705072134,0.07651774220172014,3,0.387434554973822
HLA-A*02:10,HLA-A*02:16,361,0.37728391525232047,0.06500005102157103,3,0.04864864864864865
HLA-A*02:10,HLA-A*02:12,361,0.375834984994273,0.06732883026298953,3,0.04864864864864865
HLA-B*27:02,HLA-B*27:05,246,0.25491874345506554,0.07692028592175881,3,0.3342618384401114
HLA-B*15:01,HLA-B*15:02,305,0.1995054815840212,0.08662768061022852,3,0.22349570200573066
HLA-B*15:02,HLA-B*35:01,99,0.08883481830695743,0.10077213070649049,3,0.22349570200573066
HLA-B*39:01,HLA-B*39:06(C67S),321,0.02874923571962221,0.11441690272843519,3,0.920844327176781
HLA-B*39:02,HLA-B*39:06(C67S),373,-0.016105278668070135,0.10587810176241208,3,0.920844327176781
HLA-B*39:06(C67S),HLA-B*39:10,52,-0.2304736320250091,0.11495575082292508,3,0.920844327176781
HLA-B*07:02,HLA-B*42:01,340,0.8006915212591289,0.12690359065126122,4,0.07573415765069552
HLA-B*57:03,HLA-B*58:01,231,0.6931991103270007,0.13470346546753997,4,0.15567282321899736
HLA-A*03:01,HLA-A*11:01,467,0.6563070290159545,0.1122685410708727,4,0.2067363530778165
HLA-A*26:02,HLA-A*26:03,307,0.6381092479822474,0.10730639621888427,4,0.2873900293255132
HLA-B*42:01,HLA-B*81:01,335,0.5665691982496774,0.1455435473527137,4,0.14986376021798364
HLA-A*25:01,HLA-A*26:01,181,0.5437974052319117,0.09851118163307393,4,0.29476584022038566
HLA-A*02:11,HLA-A*02:19,351,0.48186141352107015,0.15521363731004134,4,0.04519774011299435
HLA-A*02:11,HLA-A*02:50,372,0.46886782164102947,0.11854187161852447,4,0.010554089709762533
HLA-A*03:01,HLA-A*30:01,366,0.4554040139631501,0.15969330167184315,4,0.30569948186528495
HLA-A*02:03,HLA-A*02:11,375,0.4088463239753786,0.14536374973348432,4,0.036939313984168866
HLA-B*08:01,HLA-B*08:03,336,0.37139817077717113,0.13417450493514915,4,0.42
HLA-A*02:10,HLA-A*02:19,346,0.31826165343578766,0.12116739872618565,4,0.04864864864864865
HLA-A*24:07,HLA-A*24:19,348,0.28351616127967627,0.11764713982133945,4,0.25925925925925924
HLA-B*27:02,HLA-B*27:03,341,0.2803818821701626,0.10394943091210695,4,0.35597826086956524
HLA-A*02:03,HLA-A*02:10,366,0.263817670493459,0.11257453652529748,4,0.04864864864864865
HLA-B*08:01,HLA-B*42:02,104,0.24794747740364903,0.10885787398158364,4,0.28817204301075267
HLA-A*33:03,HLA-A*74:01,353,0.2478785959073136,0.11627616071310987,4,0.3665768194070081
HLA-A*02:10,HLA-A*02:50,363,0.24658261796790773,0.08585995564278726,4,0.04864864864864865
HLA-A*02:10,HLA-A*02:11,368,0.2462457475546474,0.10324900097156564,4,0.04864864864864865
HLA-A*03:01,HLA-A*74:01,354,0.23998831516020208,0.10646638349842441,4,0.2067363530778165
HLA-B*08:01,HLA-B*42:01,95,0.19964677547447193,0.11675131130200733,4,0.28817204301075267
HLA-A*26:02,HLA-A*66:01,336,0.1853722347069645,0.10120977765435613,4,0.387434554973822
HLA-B*27:05,HLA-B*27:20,242,0.0089560896509507,0.13431762582034423,4,0.3179347826086957
HLA-B*07:02,HLA-B*42:02,366,0.7012267270916267,0.1544276721890505,5,0.09574468085106383
HLA-B*57:02,HLA-B*58:01,224,0.6277330643439247,0.1679337343034646,5,0.15567282321899736
HLA-A*25:01,HLA-A*26:03,323,0.5652990331161286,0.1470177787570972,5,0.29476584022038566
HLA-A*33:03,HLA-A*68:01,363,0.5278868228665293,0.17035185025750466,5,0.3665768194070081
HLA-B*42:02,HLA-B*81:01,360,0.5229679290670787,0.1736886462214562,5,0.14986376021798364
HLA-B*07:02,HLA-B*81:01,357,0.510461898470897,0.16117386587891536,5,0.14986376021798364
HLA-A*25:01,HLA-A*26:02,326,0.4962878160410789,0.12314211608384229,5,0.29476584022038566
HLA-A*26:03,HLA-A*43:01,96,0.4613575675466668,0.14211565731475995,5,0.2873900293255132
HLA-A*25:01,HLA-A*66:01,355,0.2940434324078768,0.14143653030356373,5,0.387434554973822
HLA-A*24:02,HLA-A*24:19,307,0.2561325102377531,0.1511668182181669,5,0.25925925925925924
HLA-A*43:01,HLA-A*66:01,112,0.2376704667821038,0.136473717077776,5,0.387434554973822
HLA-A*26:03,HLA-A*68:23,329,0.1606934825177988,0.15261683144365512,5,0.2873900293255132
HLA-B*14:01(C67S),HLA-B*39:01,134,0.14584818482081904,0.17411912913325278,5,0.8903743315508021
HLA-B*14:01(C67S),HLA-B*39:02,99,0.11480258204946564,0.1664964357670623,5,0.8903743315508021
HLA-B*14:01(C67S),HLA-B*39:10,99,0.10990479558293766,0.17495874737813033,5,0.8903743315508021
HLA-B*14:02(C67S),HLA-B*39:01,138,0.04621875613065627,0.17411912913325278,5,0.7486910994764397
HLA-B*27:03,HLA-B*27:20,356,0.03400109336660675,0.16126703070818194,5,0.35597826086956524
HLA-B*14:02(C67S),HLA-B*39:02,101,0.007756096750371087,0.1664964357670623,5,0.7486910994764397
HLA-B*14:02(C67S),HLA-B*39:10,99,-0.008425018038583167,0.17495874737813033,5,0.7486910994764397
HLA-B*40:01,HLA-B*41:01,215,-0.03488928942854718,0.1891220319153355,5,0.5978260869565217
HLA-B*15:02,HLA-B*15:10,54,-0.06566310928849377,0.13687783411234788,5,0.22349570200573066
HLA-B*14:02(C67S),HLA-B*39:06(C67S),103,-0.08217641499235862,0.17821779513800695,5,0.920844327176781
HLA-B*14:01(C67S),HLA-B*39:06(C67S),101,-0.13488161725869802,0.17821779513800695,5,0.920844327176781
HLA-B*15:10,HLA-B*39:01,309,0.5725634479695602,0.17206727934009114,6,0.19558823529411765
HLA-A*11:01,HLA-A*30:01,367,0.4174927336445745,0.22358630651802114,6,0.30569948186528495
HLA-A*25:01,HLA-A*43:01,111,0.37927832083372354,0.1584158733701848,6,0.29476584022038566
HLA-A*26:01,HLA-A*68:23,174,0.34959376223387273,0.1583746207326655,6,0.15176151761517614
HLA-B*27:02,HLA-B*27:20,340,0.32611032784806365,0.18204227604966172,6,0.3342618384401114
HLA-A*23:01,HLA-A*24:19,357,0.28676559733322776,0.18615873884677592,6,0.25925925925925924
HLA-A*24:03,HLA-A*24:19,364,0.2844964966696706,0.2040139741184651,6,0.25925925925925924
HLA-B*39:10,HLA-B*42:01,345,0.24909256093866008,0.1645543655045134,6,0.09308510638297872
HLA-B*15:01,HLA-B*46:01,318,0.22354522172988306,0.21303018708386823,6,0.4099722991689751
HLA-A*11:01,HLA-A*68:01,373,0.19034575988504243,0.16819410596958662,6,0.25839793281653745
HLA-B*42:01,HLA-B*55:01,345,0.16332500464621144,0.19091399266601206,6,0.5555555555555556
HLA-A*68:01,HLA-A*74:01,353,0.11763464124349236,0.16741613956919865,6,0.25839793281653745
HLA-B*15:17,HLA-B*57:03,354,0.1119382658919558,0.1999895000816022,6,0.07458563535911603
HLA-B*15:17,HLA-B*57:01,336,0.08626618674304165,0.1885627899223532,6,0.1318051575931232
HLA-A*30:01,HLA-A*74:01,353,0.07511454724846425,0.1969073640752631,6,0.30569948186528495
HLA-A*03:01,HLA-A*31:01,367,0.06598561275133852,0.17493192821167347,6,0.2067363530778165
HLA-B*15:17,HLA-B*58:01,227,0.035545716365186,0.18036884975105305,6,0.15567282321899736
HLA-B*42:01,HLA-B*56:01,336,0.01707793823080108,0.1868583831737074,6,0.483695652173913
HLA-B*15:10,HLA-B*35:01,64,-0.04510656959458028,0.17455385929547784,6,0.162534435261708
HLA-B*08:01,HLA-B*39:01,139,-0.06660933667888083,0.20904552761072015,6,0.28817204301075267
HLA-B*15:01,HLA-B*35:01,178,-0.07424160323357784,0.185684751811248,6,0.13076923076923078
HLA-A*03:01,HLA-A*68:01,367,-0.11114090850419754,0.16601943808491193,6,0.25839793281653745
HLA-B*42:01,HLA-B*54:01,326,-0.11413969485930643,0.19593939064478094,6,0.4117647058823529
HLA-B*08:01,HLA-B*39:10,103,-0.13493299506306097,0.17974424750173823,6,0.28817204301075267
HLA-B*15:01,HLA-B*15:10,98,-0.15302033432216525,0.19999003807534244,6,0.162534435261708
HLA-A*29:02,HLA-A*68:23,116,0.48414461590957,0.22848327919233713,7,0.15176151761517614
HLA-B*07:02,HLA-B*15:10,51,0.44504612564950485,0.24619310647231585,7,0.162534435261708
HLA-B*08:01,HLA-B*14:02(C67S),361,0.42071530740723323,0.2580871279813364,7,0.7486910994764397
HLA-B*44:05,HLA-B*45:01,315,0.3566653067042409,0.21757464436453455,7,0.6711956521739131
HLA-B*39:01,HLA-B*42:01,112,0.33952590074608324,0.21408347346581735,7,0.19558823529411765
HLA-B*14:01(C67S),HLA-B*15:10,96,0.3332157770605541,0.23572961420884042,7,0.8903743315508021
HLA-A*03:01,HLA-A*29:02,142,0.27258914183944044,0.18946242764893328,7,0.2067363530778165
HLA-B*39:10,HLA-B*42:02,370,0.2339605208154618,0.19191923862500204,7,0.09574468085106383
HLA-B*08:01,HLA-B*14:01(C67S),359,0.22196911737550198,0.2580871279813364,7,0.8903743315508021
HLA-A*29:02,HLA-A*43:01,339,0.2135189283144406,0.2374300375483932,7,0.22562674094707522
HLA-A*26:02,HLA-A*68:23,332,0.20159147668303984,0.1831283083581754,7,0.15176151761517614
HLA-B*42:02,HLA-B*55:01,369,0.18885221540446384,0.2180231047911526,7,0.5555555555555556
HLA-A*03:01,HLA-A*30:02,143,0.18275656539923563,0.22275619036732297,7,0.2067363530778165
HLA-B*14:02(C67S),HLA-B*15:10,98,0.17862092315880607,0.23572961420884042,7,0.7486910994764397
HLA-A*11:01,HLA-A*74:01,355,0.16522691752397534,0.1761547635313392,7,0.15789473684210525
HLA-A*31:01,HLA-A*68:01,370,0.13879750889487968,0.21922518749731001,7,0.25839793281653745
HLA-B*07:02,HLA-B*55:01,368,0.12682238642426527,0.2009647020166172,7,0.5555555555555556
HLA-A*30:01,HLA-A*31:01,368,0.10432117326494096,0.20816080947126014,7,0.30569948186528495
HLA-B*42:02,HLA-B*56:01,360,0.054322980694661654,0.21410338193075884,7,0.483695652173913
HLA-B*15:17,HLA-B*57:02,348,0.049817205916367936,0.23273405973846917,7,0.07458563535911603
HLA-B*39:06(C67S),HLA-B*55:01,52,0.029460588881314146,0.1811388856463655,7,0.920844327176781
HLA-B*08:01,HLA-B*39:06(C67S),98,0.012921976295013996,0.233022540459906,7,0.920844327176781
HLA-B*15:10,HLA-B*18:01,71,-0.05089143807489624,0.22213287067974619,7,0.162534435261708
HLA-B*42:02,HLA-B*54:01,350,-0.06313491634570302,0.22303574869745868,7,0.4117647058823529
HLA-B*40:01,HLA-B*45:01,200,-0.09154573806315336,0.29158022773210857,7,0.6711956521739131
HLA-B*08:01,HLA-B*39:02,96,-0.20109618379583738,0.2275987729158565,7,0.28817204301075267
HLA-B*56:01,HLA-B*81:01,352,-0.2039664865295526,0.22242208042947897,7,0.483695652173913
HLA-B*35:03,HLA-B*39:10,366,0.5091354498929513,0.1979592312015349,8,0.09308510638297872
HLA-B*14:02(C67S),HLA-B*42:01,90,0.34650174677874546,0.2631000718504596,8,0.7486910994764397
HLA-A*03:01,HLA-A*80:01,137,0.33876011581109966,0.23683157341764682,8,0.48148148148148145
HLA-A*24:03,HLA-A*32:07,351,0.32542580681773675,0.21032310129741227,8,0.36538461538461536
HLA-B*39:01,HLA-B*42:02,114,0.2929408900031686,0.24119653634505556,8,0.19558823529411765
HLA-B*15:10,HLA-B*39:02,355,0.28912110093854365,0.2403870404135099,8,0.184
HLA-B*08:03,HLA-B*42:01,83,0.28258444035026015,0.2506305727344357,8,0.42
HLA-A*43:01,HLA-A*68:23,110,0.2639144352527878,0.2188958671713901,8,0.22562674094707522
HLA-B*14:01(C67S),HLA-B*42:01,91,0.2637214658424832,0.2631000718504596,8,0.8903743315508021
HLA-B*35:03,HLA-B*39:01,116,0.2557077728032367,0.2272333381524576,8,0.19558823529411765
HLA-B*39:10,HLA-B*81:01,360,0.2410242774517889,0.22046101505519677,8,0.14986376021798364
HLA-A*23:01,HLA-A*32:07,345,0.22150990400502935,0.2348259018371801,8,0.36538461538461536
HLA-B*39:10,HLA-B*56:01,361,0.21008346915727383,0.21914110407860876,8,0.483695652173913
HLA-B*08:03,HLA-B*42:02,89,0.20804266791290832,0.24242428621093948,8,0.42
HLA-B*39:02,HLA-B*41:01,76,0.16650426298196705,0.24465995327675438,8,0.5978260869565217
HLA-B*39:10,HLA-B*55:01,369,0.15437639092313687,0.2230357008928876,8,0.5555555555555556
HLA-A*25:01,HLA-A*68:23,349,0.14942719978825197,0.22387107177007715,8,0.29476584022038566
HLA-B*07:02,HLA-B*08:01,134,0.14453523005074986,0.2436548591953237,8,0.28817204301075267
HLA-B*08:01,HLA-B*15:10,93,0.13049325249425311,0.3014722837245246,8,0.28817204301075267
HLA-B*41:01,HLA-B*44:05,340,0.10109609706959041,0.25891674771519035,8,0.5978260869565217
HLA-B*39:10,HLA-B*54:01,351,0.09749430667575612,0.22804839260376464,8,0.4117647058823529
HLA-A*01:01,HLA-A*80:01,60,0.07507554892907695,0.1926093898043778,8,0.48148148148148145
HLA-B*08:01,HLA-B*81:01,99,0.07108439077115236,0.26537595289905513,8,0.28817204301075267
HLA-A*11:01,HLA-A*31:01,371,0.07053230260380297,0.22916668736272305,8,0.08900523560209424
HLA-A*30:02,HLA-A*80:01,337,0.07014939523834898,0.26032639525570844,8,0.48148148148148145
HLA-B*14:02(C67S),HLA-B*55:01,100,-0.014652769208920637,0.25061804281575073,8,0.7486910994764397
HLA-B*15:01,HLA-B*18:01,52,-0.032251859922591476,0.23853942970290443,8,0.12256267409470752
HLA-B*07:02,HLA-B*56:01,358,-0.05015752686243213,0.24241462398387648,8,0.483695652173913
HLA-B*55:01,HLA-B*81:01,362,-0.06864716669566735,0.24693238215267155,8,0.5555555555555556
HLA-B*18:01,HLA-B*41:01,344,-0.09002453048873436,0.25657803857047545,8,0.5978260869565217
HLA-B*14:01(C67S),HLA-B*55:01,100,-0.09809996566518456,0.25061804281575073,8,0.8903743315508021
HLA-B*18:01,HLA-B*39:01,76,-0.10679965063422175,0.25563657394163397,8,0.19558823529411765
HLA-B*54:01,HLA-B*81:01,342,-0.19710158773025724,0.25209030103254315,8,0.4117647058823529
HLA-A*30:01,HLA-A*68:01,367,-0.2161988110202657,0.26950060228145223,8,0.30569948186528495
HLA-B*18:01,HLA-B*39:02,72,-0.362407763049537,0.24935483149468585,8,0.184
HLA-A*03:01,HLA-A*33:03,360,-0.3711384681262356,0.22394780833577532,8,0.3665768194070081
HLA-A*29:02,HLA-A*80:01,334,0.43225102241396074,0.3015872823648409,9,0.48148148148148145
HLA-B*35:01,HLA-B*39:10,358,0.40411092486332695,0.23465404593997086,9,0.13076923076923078
HLA-B*39:06(C67S),HLA-B*41:01,76,0.3543237802636592,0.24996396533070708,9,0.920844327176781
HLA-B*39:01,HLA-B*81:01,111,0.3367750391620554,0.2709064363340161,9,0.19558823529411765
HLA-B*14:02(C67S),HLA-B*42:02,99,0.30037876142207554,0.2899645072808231,9,0.7486910994764397
HLA-B*39:01,HLA-B*55:01,116,0.29073674284224965,0.27181824179745584,9,0.5555555555555556
HLA-B*15:02,HLA-B*46:01,329,0.2863300913208114,0.30268837506541924,9,0.4099722991689751
HLA-B*39:01,HLA-B*56:01,114,0.2853977348398056,0.2681681714416224,9,0.483695652173913
HLA-B*07:02,HLA-B*14:02(C67S),122,0.2727565767390235,0.2731258765938568,9,0.7486910994764397
HLA-B*07:02,HLA-B*39:10,366,0.2717129353716586,0.24050388358591002,9,0.09308510638297872
HLA-B*35:01,HLA-B*39:01,137,0.22772058826333574,0.2638740581419803,9,0.19558823529411765
HLA-B*18:01,HLA-B*39:06(C67S),72,0.21548806650873145,0.29460059680458595,9,0.920844327176781
HLA-B*14:01(C67S),HLA-B*42:02,99,0.19669961250909856,0.2899645072808231,9,0.8903743315508021
HLA-A*11:01,HLA-A*29:02,51,0.1896115060499781,0.24407103133390917,9,0.05025996533795494
HLA-B*35:01,HLA-B*58:01,58,0.17281686232431,0.26942031831378654,9,0.15567282321899736
HLA-B*07:02,HLA-B*14:01(C67S),121,0.17151563943943565,0.2731258765938568,9,0.8903743315508021
HLA-A*24:02,HLA-A*32:07,297,0.16687562165025918,0.2684211461497712,9,0.36538461538461536
HLA-B*39:01,HLA-B*54:01,109,0.13239450748124357,0.2768057594172313,9,0.4117647058823529
HLA-B*15:01,HLA-B*39:02,103,0.12885282157425088,0.2925635990138391,9,0.184
HLA-A*29:02,HLA-A*30:02,348,0.10174961388233172,0.25511741870804283,9,0.06267029972752043
HLA-B*15:01,HLA-B*41:01,54,0.060767453527219954,0.30853871867574,9,0.5978260869565217
HLA-B*18:01,HLA-B*40:01,212,0.04795364752684815,0.27074430120173787,9,0.12256267409470752
HLA-B*08:03,HLA-B*51:01,86,0.03602917490253372,0.28698895286879056,9,0.5070821529745042
HLA-B*35:03,HLA-B*51:01,342,-0.020315449888566133,0.2684303583787949,9,0.5070821529745042
HLA-A*26:01,HLA-A*29:02,61,-0.0260153997403717,0.29719779556779413,9,0.05514705882352941
HLA-B*15:10,HLA-B*39:06(C67S),359,-0.09185732009032288,0.2853575932335659,9,0.920844327176781
HLA-B*35:01,HLA-B*51:01,338,-0.10030115714053839,0.2896802933098488,9,0.5070821529745042
HLA-B*14:01(C67S),HLA-B*15:02,52,-0.1263491167962738,0.28082596587329633,9,0.8903743315508021
HLA-B*35:03,HLA-B*56:01,358,-0.14428623822431652,0.28099191656618683,9,0.483695652173913
HLA-B*35:01,HLA-B*56:01,350,-0.16500862050956036,0.287474109297871,9,0.483695652173913
HLA-B*07:02,HLA-B*54:01,349,-0.16893920085289735,0.2713200374965389,9,0.4117647058823529
HLA-B*35:03,HLA-B*39:02,52,-0.19256376585560206,0.24614394315714916,9,0.184
HLA-A*30:01,HLA-A*33:03,363,-0.26152578619263805,0.2563711302903644,9,0.3665768194070081
HLA-B*35:03,HLA-B*39:06(C67S),52,-0.284383888489794,0.28635109178110163,9,0.920844327176781
HLA-B*14:02(C67S),HLA-B*15:02,51,-0.31272952508343566,0.28082596587329633,9,0.7486910994764397
HLA-B*07:02,HLA-B*39:01,122,0.26489993040907245,0.2896522905865566,10,0.19558823529411765
HLA-A*26:02,HLA-A*30:02,95,0.243116491265601,0.2980670505705474,10,0.08163265306122448
HLA-A*26:02,HLA-A*29:02,99,0.2146172236628081,0.3226616432025231,10,0.08163265306122448
HLA-B*15:01,HLA-B*15:17,124,0.19761374681164814,0.31137255749305415,10,0.07458563535911603
HLA-B*14:01(C67S),HLA-B*35:03,98,0.1796696389885082,0.30645382628319906,10,0.8903743315508021
HLA-B*15:10,HLA-B*27:20,78,0.17081068695102594,0.2867808219380005,10,0.3179347826086957
HLA-B*14:02(C67S),HLA-B*15:01,105,0.1568764335223083,0.34162747664356086,10,0.7486910994764397
HLA-B*08:01,HLA-B*56:01,100,0.11454050357054696,0.3030214781726033,10,0.483695652173913
HLA-A*66:01,HLA-B*46:01,89,0.11126109727370123,0.2618431239700131,10,0.4099722991689751
HLA-B*14:01(C67S),HLA-B*15:01,106,0.10015535732294571,0.34162747664356086,10,0.8903743315508021
HLA-A*24:07,HLA-A*32:07,335,0.09983236450563686,0.30501784762149686,10,0.36538461538461536
HLA-B*14:02(C67S),HLA-B*35:03,98,0.09843716589005017,0.30645382628319906,10,0.7486910994764397
HLA-B*39:01,HLA-B*41:01,81,0.09739009143593161,0.30534287965615314,10,0.5978260869565217
HLA-B*08:01,HLA-B*55:01,105,0.09632866351099868,0.3064977148459742,10,0.5555555555555556
HLA-B*35:01,HLA-B*54:01,339,0.09366800167962158,0.32141242598906006,10,0.4117647058823529
HLA-A*30:02,HLA-A*43:01,344,0.08617060116254223,0.309716422452315,10,0.22562674094707522
HLA-B*08:01,HLA-B*54:01,101,0.06705443139228823,0.3115231128247431,10,0.4117647058823529
HLA-B*14:02(C67S),HLA-B*81:01,94,0.06232924477261693,0.3208316479984449,10,0.7486910994764397
HLA-B*35:03,HLA-B*54:01,347,0.03340583247245198,0.3148071424837878,10,0.4117647058823529
HLA-A*26:01,HLA-A*30:02,57,0.030023254428153116,0.3080946545707477,10,0.06267029972752043
HLA-A*03:01,HLA-A*43:01,140,0.022215992329283122,0.2821615547005376,10,0.22562674094707522
HLA-A*43:01,HLA-A*80:01,331,0.01699658759256449,0.3090809678999923,10,0.48148148148148145
HLA-B*14:01(C67S),HLA-B*81:01,94,0.014728488834395656,0.3208316479984449,10,0.8903743315508021
HLA-A*26:01,HLA-A*80:01,56,-0.002965851944515011,0.30738340842514533,10,0.48148148148148145
HLA-B*08:03,HLA-B*15:10,88,-0.010132862652168837,0.338327196412447,10,0.42
HLA-A*29:02,HLA-A*66:01,117,-0.016526918650944328,0.3124950087541791,10,0.387434554973822
HLA-B*15:10,HLA-B*41:01,74,-0.019707597253275345,0.3021586630393013,10,0.5978260869565217
HLA-B*18:01,HLA-B*45:01,322,-0.04231776338881956,0.3384615580240854,10,0.6711956521739131
HLA-B*08:01,HLA-B*35:01,117,-0.060841419797732714,0.3196730988066997,10,0.28817204301075267
HLA-B*35:01,HLA-B*39:06(C67S),68,-0.0932851483515405,0.32309415640869155,10,0.920844327176781
HLA-B*08:03,HLA-B*39:10,89,-0.10308291747540033,0.31313133356510503,10,0.42
HLA-B*08:01,HLA-B*35:03,101,-0.10499952624476172,0.2977076948438264,10,0.28817204301075267
HLA-B*14:02(C67S),HLA-B*54:01,98,-0.11645913677253998,0.320097191315986,10,0.7486910994764397
HLA-B*14:02(C67S),HLA-B*56:01,97,-0.1197775090340224,0.3117014333957586,10,0.7486910994764397
HLA-B*39:02,HLA-B*55:01,52,-0.14274182403142083,0.2910278897292833,10,0.5555555555555556
HLA-B*14:01(C67S),HLA-B*56:01,97,-0.1464217992567093,0.3117014333957586,10,0.8903743315508021
HLA-B*14:01(C67S),HLA-B*54:01,98,-0.175043305747236,0.320097191315986,10,0.8903743315508021
HLA-B*15:02,HLA-B*39:01,53,-0.1755500898655026,0.29250865358959677,10,0.22349570200573066
HLA-A*11:01,HLA-A*33:03,362,-0.24196558747018757,0.27791969773160297,10,0.3665768194070081
HLA-B*08:03,HLA-B*39:01,124,-0.24440393379883313,0.3417002622501686,10,0.42
HLA-B*15:02,HLA-B*39:02,58,-0.2953562007839923,0.28681932876223026,10,0.22349570200573066
HLA-B*39:02,HLA-B*45:01,70,-0.32247272550720957,0.34190020404596744,10,0.6711956521739131
HLA-B*15:02,HLA-B*39:06(C67S),58,-0.32894411975236537,0.32640743183417875,10,0.920844327176781
HLA-B*35:01,HLA-B*39:02,68,-0.4039631795409092,0.28350511105537635,10,0.184
HLA-B*51:01,HLA-B*56:01,340,0.4386622704594466,0.31841672755996,11,0.5070821529745042
HLA-B*51:01,HLA-B*55:01,347,0.3521421222856198,0.3119874376664675,11,0.5555555555555556
HLA-B*40:01,HLA-B*44:05,212,0.22917139041152332,0.35262268519230056,11,0.06291390728476821
HLA-B*27:20,HLA-B*39:01,110,0.1779293043316696,0.28000000572204486,11,0.3179347826086957
HLA-B*08:03,HLA-B*14:02(C67S),345,0.1708858006738059,0.3899695075986255,11,0.7486910994764397
HLA-B*39:06(C67S),HLA-B*45:01,69,0.16107319010994647,0.3449863771493549,11,0.920844327176781
HLA-B*08:03,HLA-B*14:01(C67S),343,0.11949113387597811,0.3899695075986255,11,0.8903743315508021
HLA-B*15:02,HLA-B*15:17,52,0.10781967945435071,0.3058919819686591,11,0.22349570200573066
HLA-B*35:01,HLA-B*46:01,101,0.10507872920322218,0.3451017192287519,11,0.4099722991689751
HLA-A*26:02,HLA-A*80:01,92,0.10147513532241105,0.3328472547749951,11,0.48148148148148145
HLA-A*25:01,HLA-B*15:02,85,0.06858107918605852,0.37198886384170493,11,0.29476584022038566
HLA-B*14:02(C67S),HLA-B*35:01,109,0.056925916286218924,0.3433002498567417,11,0.7486910994764397
HLA-B*14:01(C67S),HLA-B*35:01,109,0.05048758611474656,0.3433002498567417,11,0.8903743315508021
HLA-B*27:20,HLA-B*39:02,82,0.04858488112432367,0.29433437924495953,11,0.3179347826086957
HLA-B*35:01,HLA-B*57:01,55,0.0437434370415727,0.34023972013784276,11,0.1318051575931232
HLA-B*08:03,HLA-B*39:06(C67S),93,0.03719379717624471,0.3649682398139411,11,0.920844327176781
HLA-B*14:01(C67S),HLA-B*51:01,96,0.02188019269092968,0.3480078594274286,11,0.8903743315508021
HLA-B*15:01,HLA-B*39:01,128,0.0070536972711520785,0.35338145476060256,11,0.19558823529411765
HLA-A*30:02,HLA-A*68:23,111,-0.05475410755350812,0.3670379567105697,11,0.15176151761517614
HLA-A*01:01,HLA-A*43:01,62,-0.06030185077577604,0.32111048575114776,11,0.22562674094707522
HLA-A*01:01,HLA-A*30:02,63,-0.0653287356217859,0.34020412224706575,11,0.06267029972752043
HLA-B*14:02(C67S),HLA-B*51:01,96,-0.0655184402003326,0.3480078594274286,11,0.7486910994764397
HLA-A*68:23,HLA-B*46:01,84,-0.06747804294610536,0.3000000667571958,11,0.4099722991689751
HLA-B*39:01,HLA-B*40:01,56,-0.0814027630842276,0.32106532975793534,11,0.19558823529411765
HLA-B*07:02,HLA-B*39:06(C67S),54,-0.12354882470927346,0.3132293184908592,11,0.920844327176781
HLA-B*15:02,HLA-B*57:01,50,-0.14106048496992954,0.3437411050003156,11,0.22349570200573066
HLA-B*35:01,HLA-B*55:01,359,-0.1510265150679936,0.3467328567739111,11,0.5555555555555556
HLA-B*35:03,HLA-B*55:01,366,-0.1815650334716442,0.33999805565647434,11,0.5555555555555556
HLA-B*15:10,HLA-B*46:01,56,-0.19828588403789013,0.38653178385464093,11,0.4099722991689751
HLA-B*08:03,HLA-B*39:02,91,-0.2032268078979385,0.3622117049499758,11,0.42
HLA-B*15:10,HLA-B*44:05,64,-0.2502123516764485,0.3212077186237141,11,0.162534435261708
HLA-B*15:10,HLA-B*45:01,68,-0.29295607806535817,0.3686144283016264,11,0.6711956521739131
HLA-B*07:02,HLA-B*39:02,54,-0.29417470321246825,0.3094425467802513,11,0.184
HLA-B*51:01,HLA-B*54:01,330,0.41823380313991526,0.351302450601811,12,0.5070821529745042
HLA-A*24:03,HLA-B*57:02,50,0.28911151015773906,0.3333333496354568,12,0.06611570247933884
HLA-B*07:02,HLA-B*08:03,111,0.28810573710233134,0.3772132144786712,12,0.42
HLA-A*68:23,HLA-A*80:01,108,0.27318122344726353,0.38793011866434757,12,0.48148148148148145
HLA-A*24:03,HLA-B*57:03,52,0.25165738038721286,0.34704156265513364,12,0.005420054200542005
HLA-B*15:01,HLA-B*57:01,116,0.24673327876364984,0.36909804182572625,12,0.1318051575931232
HLA-A*26:03,HLA-B*46:01,81,0.15976807896489678,0.3299761102075781,12,0.4099722991689751
HLA-A*26:03,HLA-B*15:02,78,0.15799288386993773,0.36808561211329804,12,0.2873900293255132
HLA-A*26:02,HLA-B*46:01,81,0.15005383719995885,0.3019459900750576,12,0.4099722991689751
HLA-B*07:02,HLA-B*35:01,369,0.1495039551452775,0.3452492660365033,12,0.13076923076923078
HLA-A*01:01,HLA-A*29:02,69,0.14447784559603177,0.3456441562884325,12,0.05909090909090909
HLA-B*15:01,HLA-B*58:01,113,0.13633969398627746,0.360511390025397,12,0.15567282321899736
HLA-A*25:01,HLA-B*46:01,87,0.09225611590352564,0.33830030306920367,12,0.4099722991689751
HLA-B*35:01,HLA-B*42:01,331,0.09188557838776835,0.34013403843456347,12,0.13076923076923078
HLA-B*39:06(C67S),HLA-B*51:01,50,0.08372267105832439,0.33330129212707604,12,0.920844327176781
HLA-A*26:03,HLA-A*29:02,103,0.07075859532026113,0.3817056015098046,12,0.2873900293255132
HLA-B*08:03,HLA-B*81:01,84,0.06910561877632994,0.40235344487565083,12,0.42
HLA-A*25:01,HLA-B*15:01,147,0.06121105780491127,0.3565904810777213,12,0.29476584022038566
HLA-A*26:02,HLA-B*15:02,78,0.053750341382981244,0.37507496274512475,12,0.22349570200573066
HLA-B*07:02,HLA-B*35:03,363,0.014235180993048963,0.32315303510129456,12,0.07573415765069552
HLA-A*66:01,HLA-B*15:02,86,0.00788997319591353,0.3907373146051225,12,0.387434554973822
HLA-B*15:01,HLA-B*39:06(C67S),103,0.005318568042802763,0.39150421240720223,12,0.920844327176781
HLA-B*27:05,HLA-B*39:01,92,-0.0214059762410464,0.3283499255815022,12,0.19558823529411765
HLA-B*35:03,HLA-B*42:01,340,-0.02579760831136546,0.31806397384937457,12,0.05053191489361702
HLA-B*08:03,HLA-B*35:01,98,-0.05046436577464464,0.3571094277852067,12,0.42
HLA-B*15:17,HLA-B*46:01,54,-0.06891024078748686,0.3939084598996444,12,0.4099722991689751
HLA-B*08:01,HLA-B*15:01,121,-0.08220043585009677,0.4242351132008555,12,0.28817204301075267
HLA-A*26:03,HLA-A*30:02,98,-0.08496688070126564,0.37632394281563986,12,0.2873900293255132
HLA-B*08:01,HLA-B*15:02,54,-0.09717387622819439,0.394840013620946,12,0.28817204301075267
HLA-A*26:03,HLA-A*80:01,95,-0.099936250271587,0.35636569922640393,12,0.48148148148148145
HLA-A*30:02,HLA-A*66:01,112,-0.14208517396808812,0.3736654839726755,12,0.387434554973822
HLA-A*25:01,HLA-A*30:02,112,-0.159606585738396,0.3550635001982929,12,0.29476584022038566
HLA-B*08:03,HLA-B*35:03,88,-0.17198640901099693,0.3350168680067711,12,0.42
HLA-A*24:03,HLA-B*15:17,51,-0.18015626966194898,0.3861872868159366,12,0.07458563535911603
HLA-B*39:01,HLA-B*45:01,75,-0.2218851287663561,0.402483869767715,12,0.6711956521739131
HLA-B*35:01,HLA-B*81:01,348,0.2686018062528981,0.38047285290538446,13,0.14986376021798364
HLA-A*43:01,HLA-B*46:01,122,0.19220583824325618,0.32834989387182967,13,0.4099722991689751
HLA-A*24:02,HLA-B*57:03,78,0.1868211235311184,0.4062178077306684,13,0.017452006980802792
HLA-B*35:03,HLA-B*81:01,357,0.18571792157547257,0.35752495105523996,13,0.14986376021798364
HLA-B*35:01,HLA-B*57:03,60,0.15946665984640496,0.4020619028014174,13,0.13076923076923078
HLA-A*24:02,HLA-B*57:02,78,0.1541680768414469,0.3921565504452056,13,0.06611570247933884
HLA-A*26:02,HLA-B*15:01,137,0.11792681396972772,0.3597522470049037,13,0.08163265306122448
HLA-B*08:01,HLA-B*51:01,99,0.09104906978999729,0.4192100430076737,13,0.5070821529745042
HLA-A*24:19,HLA-A*32:07,359,0.08935855200220445,0.40051160584210055,13,0.36538461538461536
HLA-B*35:01,HLA-B*42:02,357,0.08039082744513523,0.36731398211474475,13,0.13076923076923078
HLA-B*27:02,HLA-B*39:01,105,0.05041719546157172,0.3615940518777153,13,0.3342618384401114
HLA-A*25:01,HLA-A*29:02,117,0.01490589435589998,0.4012034850603351,13,0.29476584022038566
HLA-B*27:03,HLA-B*39:01,110,0.007574705791319498,0.35482083453930857,13,0.35597826086956524
HLA-A*68:23,HLA-B*15:02,82,-0.0006230174253479431,0.429935063405793,13,0.22349570200573066
HLA-B*18:01,HLA-B*44:05,330,-0.01939555210033029,0.38856822168958594,13,0.12256267409470752
HLA-A*66:01,HLA-B*15:01,148,-0.02173961040538067,0.3749922172463612,13,0.387434554973822
HLA-A*26:01,HLA-B*15:01,103,-0.03138291409506901,0.3647153796281666,13,0.05514705882352941
HLA-A*26:03,HLA-B*15:01,131,-0.03781091909795207,0.3529898293078223,13,0.2873900293255132
HLA-B*35:03,HLA-B*42:02,365,-0.0395926840499052,0.3451692245865474,13,0.09574468085106383
HLA-A*66:01,HLA-A*80:01,109,-0.069081685288193,0.38945455569796883,13,0.48148148148148145
HLA-B*39:02,HLA-B*44:05,66,-0.0870236303284915,0.3714095174245384,13,0.184
HLA-A*24:02,HLA-B*15:17,79,-0.11503566989678739,0.4455289090977219,13,0.07458563535911603
HLA-B*15:17,HLA-B*35:01,58,-0.1258834212039381,0.369222465084016,13,0.13076923076923078
HLA-B*27:20,HLA-B*39:06(C67S),84,-0.14923165840759478,0.3631762008023809,13,0.920844327176781
HLA-B*27:02,HLA-B*39:02,77,-0.19639811420602354,0.37711736348009983,13,0.3342618384401114
HLA-B*15:02,HLA-B*57:03,51,-0.3032257334214682,0.405682811398525,13,0.22349570200573066
HLA-A*03:01,HLA-B*46:01,94,-0.3199345997168424,0.3706772791152114,13,0.4099722991689751
HLA-B*27:03,HLA-B*39:02,81,-0.4069712262406972,0.3701151624287664,13,0.35597826086956524
HLA-B*39:02,HLA-B*46:01,60,-0.5219715438873714,0.4110992271473938,13,0.4099722991689751
HLA-A*02:03,HLA-B*15:01,57,0.39253284503048386,0.4003448199956945,14,0.05420560747663551
HLA-A*43:01,HLA-B*15:02,121,0.27297389917612624,0.4428933726643326,14,0.22562674094707522
HLA-B*39:01,HLA-B*51:01,108,0.22640869334096883,0.4235824144934881,14,0.5070821529745042
HLA-A*43:01,HLA-B*15:01,244,0.15794737285531618,0.38651652291266714,14,0.22562674094707522
HLA-B*15:10,HLA-B*27:02,73,0.12444691750870457,0.4378109464538926,14,0.3342618384401114
HLA-B*39:10,HLA-B*51:01,347,0.11405260629647182,0.3959211896220508,14,0.5070821529745042
HLA-B*46:01,HLA-B*57:01,52,0.08212430444109263,0.45254041552733126,14,0.4099722991689751
HLA-B*35:01,HLA-B*57:02,57,0.07746972159906408,0.4344455031745841,14,0.13076923076923078
HLA-A*24:02,HLA-B*57:01,75,0.07443503941211203,0.45931574546369713,14,0.1318051575931232
HLA-A*68:23,HLA-B*15:01,144,0.05944845461079857,0.4135320526830544,14,0.15176151761517614
HLA-B*08:03,HLA-B*15:01,102,0.05128282758043173,0.46095551462264583,14,0.42
HLA-B*15:01,HLA-B*57:02,121,0.03847793912422271,0.4365192621431683,14,0.06611570247933884
HLA-B*08:03,HLA-B*55:01,90,0.011381205989751682,0.43858067958746494,14,0.5555555555555556
HLA-B*14:02(C67S),HLA-B*46:01,59,0.011378556872774427,0.45770471336438945,14,0.7486910994764397
HLA-B*15:10,HLA-B*27:03,77,-0.0054663666624457105,0.43068611451189187,14,0.35597826086956524
HLA-B*08:03,HLA-B*15:02,50,-0.01068022979082535,0.43217864902660486,14,0.42
HLA-B*15:01,HLA-B*57:03,123,-0.010827698801858734,0.42997936399660996,14,0.05420560747663551
HLA-B*14:01(C67S),HLA-B*46:01,60,-0.042644423144299455,0.45770471336438945,14,0.8903743315508021
HLA-B*08:03,HLA-B*56:01,87,-0.06314467006604717,0.43576651952983303,14,0.483695652173913
HLA-B*27:05,HLA-B*39:06(C67S),51,-0.10837808036720527,0.410891110844942,14,0.920844327176781
HLA-A*25:01,HLA-A*80:01,109,-0.1502385272817068,0.41143934302591934,14,0.48148148148148145
HLA-B*08:03,HLA-B*54:01,88,-0.23387663411258836,0.4435933712983421,14,0.42
HLA-B*39:01,HLA-B*46:01,56,-0.4518681481083272,0.44500003385543496,14,0.4099722991689751
HLA-A*02:50,HLA-B*15:01,56,0.2436518103081602,0.42846050346717324,15,0.05420560747663551
HLA-B*08:01,HLA-B*46:01,62,0.187815028899915,0.4861314926419936,15,0.4099722991689751
HLA-A*24:02,HLA-B*58:01,65,-0.03661390899095691,0.5026110434570543,15,0.15567282321899736
HLA-A*30:02,HLA-B*15:02,119,-0.09112967024174451,0.4587557385541027,15,0.22349570200573066
HLA-A*03:01,HLA-B*15:02,89,-0.09698439908763709,0.46353440166485604,15,0.22349570200573066
HLA-B*27:03,HLA-B*39:06(C67S),83,-0.09911186976763764,0.43703531918309557,15,0.920844327176781
HLA-B*39:06(C67S),HLA-B*44:05,66,-0.10176784160617224,0.4654394824866491,15,0.920844327176781
HLA-B*42:01,HLA-B*51:01,324,-0.10861461606423567,0.43906609130086904,15,0.5070821529745042
HLA-B*39:01,HLA-B*44:05,73,-0.11215320438247794,0.43207465582141136,15,0.19558823529411765
HLA-B*39:02,HLA-B*51:01,50,-0.14033022538007445,0.4447501095973244,15,0.5070821529745042
HLA-B*07:02,HLA-B*51:01,345,-0.18662869741290755,0.4291380395189246,15,0.5070821529745042
HLA-B*27:02,HLA-B*39:06(C67S),79,-0.20699226855666497,0.4441670485120365,15,0.920844327176781
HLA-A*32:07,HLA-B*15:01,56,0.311726971698791,0.506294604843063,16,0.36538461538461536
HLA-A*29:02,HLA-B*15:02,119,0.2125362768061238,0.518298217646695,16,0.22349570200573066
HLA-A*02:12,HLA-B*15:01,56,0.2116687687533932,0.4899936830078979,16,0.05420560747663551
HLA-A*11:01,HLA-B*15:01,71,0.1794479576441866,0.5037568237688675,16,0.05420560747663551
HLA-A*02:16,HLA-B*15:01,55,0.17887574275773435,0.4987453360020345,16,0.05420560747663551
HLA-A*29:02,HLA-B*35:01,54,0.17315234411126523,0.5143189049436753,16,0.13076923076923078
HLA-A*03:01,HLA-B*15:01,194,0.15258198207144374,0.48707158667403194,16,0.2067363530778165
HLA-A*02:01,HLA-B*39:02,79,0.1328369215966596,0.44155963031460566,16,0.184
HLA-A*02:11,HLA-B*39:02,51,0.07642987214098737,0.43220836432540677,16,0.184
HLA-A*02:01,HLA-B*15:01,107,0.05330905351843835,0.4887202522827492,16,0.05420560747663551
HLA-A*30:02,HLA-B*15:01,244,0.03600709426990936,0.4822068725272193,16,0.06267029972752043
HLA-A*29:02,HLA-B*46:01,122,-0.05039658562082154,0.4650817598607052,16,0.4099722991689751
HLA-A*30:02,HLA-B*46:01,121,-0.05449665431614254,0.463248216265266,16,0.4099722991689751
HLA-B*42:02,HLA-B*51:01,348,-0.0659140647673286,0.4652416910411644,16,0.5070821529745042
HLA-B*46:01,HLA-B*57:03,53,-0.07510791127340227,0.5126338637756388,16,0.4099722991689751
HLA-B*39:06(C67S),HLA-B*46:01,60,-0.08078191511162258,0.5074565951656174,16,0.920844327176781
HLA-A*02:10,HLA-B*15:01,54,-0.17355183404891505,0.4887202522827492,16,0.05420560747663551
HLA-B*51:01,HLA-B*81:01,339,-0.21109204451659688,0.48030835199416533,16,0.5070821529745042
HLA-A*02:19,HLA-B*15:01,52,0.23394662953673787,0.5493541540068944,17,0.05420560747663551
HLA-A*02:16,HLA-B*39:02,50,0.218523938405264,0.47201998506634146,17,0.184
HLA-A*02:01,HLA-B*39:01,138,0.21731077374187202,0.47000007915496067,17,0.19558823529411765
HLA-A*02:01,HLA-B*15:10,78,0.16168746008030438,0.4862827117623433,17,0.162534435261708
HLA-A*80:01,HLA-B*15:02,118,0.09793163561878916,0.5497135446907248,17,0.48148148148148145
HLA-A*02:10,HLA-B*39:01,78,0.08116287024087637,0.47000003147124947,17,0.19558823529411765
HLA-A*02:11,HLA-B*15:01,57,0.05886170427245727,0.5403982563657301,17,0.05420560747663551
HLA-A*02:50,HLA-B*39:02,50,0.0453081041953246,0.476033841978331,17,0.184
HLA-A*02:11,HLA-B*39:01,81,-0.006123744572935953,0.46094185945733235,17,0.19558823529411765
HLA-A*24:03,HLA-B*15:01,71,-0.01691412030288678,0.5583529221088739,17,0.05420560747663551
HLA-A*24:02,HLA-B*46:01,51,-0.07881596940459488,0.5742190157743774,17,0.4099722991689751
HLA-A*02:01,HLA-B*08:01,103,-0.28164118573061603,0.5264348673011217,17,0.28817204301075267
HLA-A*02:11,HLA-B*39:06(C67S),52,0.27250854896398574,0.5187592279493992,18,0.920844327176781
HLA-A*02:12,HLA-B*39:01,79,0.22147371293956367,0.5012453841256401,18,0.19558823529411765
HLA-A*24:19,HLA-B*15:01,58,0.19292269201705506,0.621578759980973,18,0.25925925925925924
HLA-A*02:01,HLA-B*39:06(C67S),80,0.16525247209244645,0.527357366113298,18,0.920844327176781
HLA-A*02:16,HLA-B*39:01,80,0.13537550639324086,0.5000000476837112,18,0.19558823529411765
HLA-A*02:50,HLA-B*39:01,81,0.11113042803194781,0.50361216475399,18,0.19558823529411765
HLA-A*80:01,HLA-B*15:01,230,0.057437538108074476,0.5720228051245417,18,0.48148148148148145
HLA-A*02:01,HLA-B*08:03,78,-0.06212156717409003,0.5376826499711707,18,0.42
HLA-A*23:01,HLA-B*15:01,59,-0.07801814555554272,0.6184299746849673,18,0.05420560747663551
HLA-A*02:03,HLA-B*39:02,51,-0.08879326518511423,0.5121418730825832,18,0.184
HLA-A*29:02,HLA-B*15:01,249,-0.09035339170829004,0.5565537672075669,18,0.05420560747663551
HLA-A*24:02,HLA-B*15:01,127,-0.1249008544469939,0.6194354347842825,18,0.05420560747663551
HLA-A*02:11,HLA-B*15:10,50,-0.15028748121241475,0.537665137269737,18,0.162534435261708
HLA-A*24:07,HLA-B*15:01,55,-0.197718974597606,0.6215787792799343,18,0.05420560747663551
HLA-A*80:01,HLA-B*46:01,119,-0.23192519737605521,0.5422334550398946,18,0.48148148148148145
HLA-B*08:03,HLA-B*46:01,58,0.24533436211922047,0.6180856882039818,19,0.42
HLA-A*02:19,HLA-B*39:01,76,0.16202585635373085,0.5605836993630928,19,0.19558823529411765
HLA-A*02:16,HLA-B*39:06(C67S),51,0.15671611837493715,0.5572084988112851,19,0.920844327176781
HLA-A*02:50,HLA-B*39:06(C67S),51,0.11818851563792111,0.5647597066254813,19,0.920844327176781
HLA-A*02:03,HLA-B*39:01,81,0.06319333957847838,0.5391271357830272,19,0.19558823529411765
HLA-A*02:01,HLA-B*14:01(C67S),81,-0.02923826191498917,0.5522332730728148,19,0.8903743315508021
HLA-A*02:01,HLA-B*14:02(C67S),82,-0.2908437077401994,0.5522332730728148,19,0.7486910994764397
HLA-A*02:03,HLA-B*39:06(C67S),51,0.13026885455454093,0.5950785997507921,20,0.920844327176781
HLA-A*02:19,HLA-B*39:06(C67S),50,0.06804440603569038,0.6180470814538863,20,0.920844327176781
HLA-A*24:02,HLA-B*15:02,51,-0.17542052965359692,0.650119852707632,20,0.22349570200573066
