setting,model,n_alleles,scc_mean,scc_median,pcc_log1p_mean,pcc_paper_mean
"frozen split, log1p target",single seed (mean of 3),68.0,0.5729661193217961,0.6095672431584382,0.6006779435457874,0.5610321894978298
"frozen split, log1p target",3-seed ensemble,68.0,0.6148156559699434,0.64869502592661,0.6426189805614709,0.6005879189853777
"identity-grouped split, log1p target",single seed (mean of 3),68.0,0.5906742816086842,0.6052442776351618,0.6161685584563112,0.5727377423822295
"identity-grouped split, log1p target",3-seed ensemble,68.0,0.6249652232028274,0.6501769720450585,0.6539636802982879,0.6081318681475194
"frozen split, 2^(-0.5/th) target",single seed (mean of 3),68.0,0.5385025069718822,0.5651429410685581,0.5357539780568472,0.5292099221270915
"frozen split, 2^(-0.5/th) target",3-seed ensemble,68.0,0.586316333355902,0.6248127551691685,0.5819761867634684,0.5742349498607894
"frozen split, 2^(-1/th) target",single seed (mean of 3),68.0,0.5505260046973537,0.5927973523288547,0.5574785623686785,0.5455685305255459
"frozen split, 2^(-1/th) target",3-seed ensemble,68.0,0.595336463914133,0.6442369037034944,0.6031641051870127,0.5899946485232994
"frozen split, 2^(-2/th) target",single seed (mean of 3),68.0,0.5453226339676234,0.5935751924701602,0.561043442882206,0.542425121169448
"frozen split, 2^(-2/th) target",3-seed ensemble,68.0,0.5924337054407743,0.6475015397967406,0.6051173878321866,0.5848914581977902
