allele,stem,hla_seq_len,hla_seq_sha256,n_rows,n_unique_ungapped,msa_csv,msa_sha256,msa_bytes,msa_server_url,msa_pairing_strategy,gen_cap_max_msa_seqs,boltz_version,generated_utc,gen_seconds
HLA-A*01:01,HLA-A_01_01,182,cb4e45fb219755b5286fb285a539fcffcceba8d514843025c0f941d96391515d,9757,9325,structures/msa/HLA-A_01_01.csv,6e4d35f14b543a257ef156e33ac090f6d1aff437f0943755191431b9a80756b8,1840190,https://api.colabfold.com,greedy,16384,2.2.1,2026-10-03T19:39:18+00:00,2.0
HLA-A*02:01,HLA-A_02_01,182,03c165d73f629b8df776cfaf55aca221e45e3df85dacc17376fd6baba1755ba5,9771,9347,structures/msa/HLA-A_02_01.csv,21b4f04be03abfc76864264e40f3c691e6089920dd2b12bb8f3f59290fe57b44,1842631,https://api.colabfold.com,greedy,16384,2.2.1,2026-10-03T19:39:18+00:00,
HLA-A*02:03,HLA-A_02_03,182,5a6b092723bc99dc43145f2cca7f4735f325964c8ae19709a01e8258bee1ff57,9650,9253,structures/msa/HLA-A_02_03.csv,4dbf016f60e2b70e399cdf2e6903a51fc864bffe18dbdb435d357532630c55f3,1820167,https://api.colabfold.com,greedy,16384,2.2.1,2026-10-03T19:39:21+00:00,1.9
HLA-A*02:05,HLA-A_02_05,182,cd0b1bf265ba549e829d6645340d27ef98cb1949b882ceb7241816783a63abc9,9888,9464,structures/msa/HLA-A_02_05.csv,61f609832f60352057a84e72bae5c1953a9c143c7f10bb3bb1bce3b1cdfdc3f9,1864545,https://api.colabfold.com,greedy,16384,2.2.1,2026-10-03T19:39:24+00:00,1.9
HLA-A*02:10,HLA-A_02_10,182,9344da7715b351c3c62bcce2a4d0777aadd44f74e5dd4b555793efdf895eb45d,9879,9471,structures/msa/HLA-A_02_10.csv,d48b9595f28018137bfe8218c808c0731a22fcebb3264b6543de5a92d89a10ec,1862949,https://api.colabfold.com,greedy,16384,2.2.1,2026-10-03T19:39:27+00:00,2.1
HLA-A*02:11,HLA-A_02_11,182,69fc889a1340dc7e5a1f43611a5a4430e9605dd6489556db0af725f99e42146a,9729,9304,structures/msa/HLA-A_02_11.csv,f8323989141a7ee362650a84147602396d0cb60b97962eac3ede9098bed4fed1,1834890,https://api.colabfold.com,greedy,16384,2.2.1,2026-10-03T19:39:30+00:00,2.1
HLA-A*02:12,HLA-A_02_12,182,54c39c3575e114a156592cf84055ecbc2f09657873e46500848e92ff9adda6e8,9560,9150,structures/msa/HLA-A_02_12.csv,b700ba5a8ea759bccf221e804a9806d917faf3246161d6c45d864e9df12814f8,1803269,https://api.colabfold.com,greedy,16384,2.2.1,2026-10-03T19:39:34+00:00,2.1
HLA-A*02:16,HLA-A_02_16,182,24e686e256ce8fe71fd217671ae9e2ced507c75159bf9dd5c2e0b7d0f83febfa,9742,9335,structures/msa/HLA-A_02_16.csv,3685b2bc872e10f49267871efbb536d6b79a32ac3fefcd92342c0b1cf8e2cac2,1837170,https://api.colabfold.com,greedy,16384,2.2.1,2026-10-03T19:39:37+00:00,2.1
HLA-A*02:19,HLA-A_02_19,182,ab868ba13ba5076b96db934245ae03ec2a3492e2d967acb709d3bab2ea47f677,9505,9087,structures/msa/HLA-A_02_19.csv,87c2e9d424f917d94cffa48a8c1d303e4500498d8557dd724957d70a371ac8c6,1792331,https://api.colabfold.com,greedy,16384,2.2.1,2026-10-03T19:39:40+00:00,2.4
HLA-A*02:50,HLA-A_02_50,182,ff19e93e5486730941c762e1cda010b3ea32ce9e1fe8e4772cdcdcfca676a81f,9916,9491,structures/msa/HLA-A_02_50.csv,9ee88ba6807135929ba07b71874e46dccf2b9438625b0c3840689681acc83c2d,1869748,https://api.colabfold.com,greedy,16384,2.2.1,2026-10-03T19:39:43+00:00,1.9
HLA-A*03:01,HLA-A_03_01,182,799a93de45acca6b03776d6d8cfc9d61b42eaf9dcdcef9af940791b1f9dea9c9,9872,9458,structures/msa/HLA-A_03_01.csv,ecb36ae1bc14462327ec90a4b7f3d172be4246361e10380b1b1ae8d34fda2d29,1861201,https://api.colabfold.com,greedy,16384,2.2.1,2026-10-03T19:39:43+00:00,
HLA-A*11:01,HLA-A_11_01,182,a66e2dd0909bd5f5a9e8018239e35ee5179fa9a0d1dc0929505efb281d20ead2,10077,9640,structures/msa/HLA-A_11_01.csv,5ad743be6cec7bf7ebb045150e6c699a4debe4e92cbe2e77edbf39409ac4558b,1899612,https://api.colabfold.com,greedy,16384,2.2.1,2026-10-03T19:39:46+00:00,2.3
HLA-A*23:01,HLA-A_23_01,182,4808951c933a91ddfdf1bf3f36bf9494f4cc390693430f15ec3b98b3648e8261,9744,9333,structures/msa/HLA-A_23_01.csv,4f79788da697ab8c659762c00428dae06bfdd87783e2ecb1f8c9cdf4a56a7d95,1837062,https://api.colabfold.com,greedy,16384,2.2.1,2026-10-03T19:39:50+00:00,2.2
HLA-A*24:02,HLA-A_24_02,182,238d963b49e33b9f1912061c2cced2ae4a327d08df2a815dfcf06f96a383ce38,9648,9238,structures/msa/HLA-A_24_02.csv,2636f5617933a596f9aadbd59e1317fc81168c6f3a1f3a7d3078545ae2ec4a5f,1819194,https://api.colabfold.com,greedy,16384,2.2.1,2026-10-03T19:39:53+00:00,2.0
HLA-A*24:03,HLA-A_24_03,182,c54548bbd77849b45190683ac79b13b31d5556e7d679dac98da9de715cfdd89e,9947,9518,structures/msa/HLA-A_24_03.csv,fb1dc9282d3a8aae75806e851d69a889f9dcdaa94174aafe8383534507081258,1875437,https://api.colabfold.com,greedy,16384,2.2.1,2026-10-03T19:39:56+00:00,2.0
HLA-A*24:07,HLA-A_24_07,182,54d7688a42f876f0d496fea6043390720fccfda3cbe56107ee8d0328fb12d1a1,9716,9311,structures/msa/HLA-A_24_07.csv,0c3065b525acc38809bbf7f0302a15e41bbc3011086aafa3afc61b12b048ecea,1832091,https://api.colabfold.com,greedy,16384,2.2.1,2026-10-03T19:39:59+00:00,1.8
HLA-A*24:19,HLA-A_24_19,182,49e7c66c7b6bf01a737ec456ef7ef1c132a88df2eff91a8c67759c50bb82d960,9560,9158,structures/msa/HLA-A_24_19.csv,5be37b06daa7782e8a7ad154fdb7280b5f1d0caf8ed05fb3f0fb3a6f9c4364f4,1802754,https://api.colabfold.com,greedy,16384,2.2.1,2026-10-03T19:40:02+00:00,2.0
HLA-A*25:01,HLA-A_25_01,182,3726659a6b93d88caabbf84dfe7bb076288d9ce3a8f9d1547b1fe156b6d648cf,10019,9590,structures/msa/HLA-A_25_01.csv,62d1a2019e1cc7639617a19417cf93315c882ac6839cde4af03be22f4d623ba9,1888953,https://api.colabfold.com,greedy,16384,2.2.1,2026-10-03T19:40:05+00:00,2.1
HLA-A*26:01,HLA-A_26_01,182,db03bdb685d5728109ad92da6c35a06099061ed64b57fef60e0bd5618cc3fbfd,10274,9853,structures/msa/HLA-A_26_01.csv,96389573f2ddc8263c7618d2c759f43d81d19a34df0f4fb9d440afcb16943e1d,1936746,https://api.colabfold.com,greedy,16384,2.2.1,2026-10-03T19:40:08+00:00,1.9
HLA-A*26:02,HLA-A_26_02,182,8f21165852e455e8f01ee1721c5c877f6f4beef5d4f7889518a94d62d6d393da,10254,9831,structures/msa/HLA-A_26_02.csv,89b7026cbdda6877bbcd079459c9cf6817cc2964a73d98cb7e648a536051260a,1933054,https://api.colabfold.com,greedy,16384,2.2.1,2026-10-03T19:40:11+00:00,1.9
HLA-A*26:03,HLA-A_26_03,182,75b96f512e14089fe4283db2fa29029c5c7995ea6ce9d33715e92a18bd8cdb2a,10146,9707,structures/msa/HLA-A_26_03.csv,b7f1de30353f026a90d029d89deebec5824455a33be6e28da1e750d01ddf4d0c,1912822,https://api.colabfold.com,greedy,16384,2.2.1,2026-10-03T19:40:14+00:00,2.0
HLA-A*29:02,HLA-A_29_02,182,c2f73b0e74aa911344fdd3672938f7ce97f22dc5fb46cfd203317545561c95da,9929,9508,structures/msa/HLA-A_29_02.csv,21a508289f8f02db0308bf06ca05188247f2f2a82f13c823aefce8c8224bf7a4,1871773,https://api.colabfold.com,greedy,16384,2.2.1,2026-10-03T19:40:17+00:00,2.0
HLA-A*30:01,HLA-A_30_01,182,974e902c295446cf4614f8db55f45551a0c4622f03a06e3a382e1511a2463753,9936,9506,structures/msa/HLA-A_30_01.csv,99431f13a5899ea8035291359cb14bedba5554ed632061310ff7ef91b493a3b4,1872824,https://api.colabfold.com,greedy,16384,2.2.1,2026-10-03T19:40:20+00:00,1.9
HLA-A*30:02,HLA-A_30_02,182,2398be13eaa401b32e1c34ab648af4df77b9f4a5d25e705f7986e78b4b206540,9945,9524,structures/msa/HLA-A_30_02.csv,c3c03614efcf3a8fdfe6692db5ef55ade42349a987b1bfbb32338ab00e1cf6a0,1874794,https://api.colabfold.com,greedy,16384,2.2.1,2026-10-03T19:40:23+00:00,1.9
HLA-A*31:01,HLA-A_31_01,182,e93096b830c8206ee6e2329ff8599c42f6a7f80bda3fa468af4f1d5720f20cf2,9920,9493,structures/msa/HLA-A_31_01.csv,866b860d5449047e04b33431923fc53e0ebfbdf1046790775bd9a600b58867d2,1869930,https://api.colabfold.com,greedy,16384,2.2.1,2026-10-03T19:40:26+00:00,2.0
HLA-A*32:01,HLA-A_32_01,182,31e517c8c967df2992fae77472eef454c6bb620d3c6d59d914fdc52c6dc83c09,9974,9544,structures/msa/HLA-A_32_01.csv,9686e8ade49aa1162b06dc120138037adea344404e1c52a824df9ff4fa7a6d7b,1880336,https://api.colabfold.com,greedy,16384,2.2.1,2026-10-03T19:40:29+00:00,2.2
HLA-A*32:07,HLA-A_32_07,182,eb71a93521605939a199c88653d77ee7dba0ddf4001430f3929e639581eda6b2,9967,9527,structures/msa/HLA-A_32_07.csv,8a20bd9498fef9b46848ed948929213f543b699c0886d6e3098042088b3a0cdb,1878848,https://api.colabfold.com,greedy,16384,2.2.1,2026-10-03T19:40:32+00:00,1.8
HLA-A*33:03,HLA-A_33_03,182,730a18877479abd6583c11d323b0df67a8ce9640bd949e0b577ac2f280f84a0f,10025,9582,structures/msa/HLA-A_33_03.csv,19b4923b2cde7d7cd766a716e30b0ebe58b06fa6696cc7b5f3a44cba0eede000,1889582,https://api.colabfold.com,greedy,16384,2.2.1,2026-10-03T19:40:35+00:00,2.0
HLA-A*43:01,HLA-A_43_01,182,c3d9302d6f5477dff7f23b31241f82c7422477354974c77844dfe5978da8c9c6,10173,9761,structures/msa/HLA-A_43_01.csv,bd0ff79cd43acf49af0ded26aa3f4bab1f90e08770b8419acee3806bd0f660c9,1917701,https://api.colabfold.com,greedy,16384,2.2.1,2026-10-03T19:40:38+00:00,2.0
HLA-A*66:01,HLA-A_66_01,182,cbe3905efb27129e001c0837ca50387278b7ac35ce7a4011908227b4ae86c340,10168,9756,structures/msa/HLA-A_66_01.csv,fde19e82b1991f39496fae90476b1daa0af8dfce1c55b2bb1c562a14bde6b3f4,1916720,https://api.colabfold.com,greedy,16384,2.2.1,2026-10-03T19:40:41+00:00,2.3
HLA-A*68:01,HLA-A_68_01,182,2418d085885880fa5e5b067a17627cce7fc2b2253e63baa1c3e3532627406c58,10146,9717,structures/msa/HLA-A_68_01.csv,d48f3abf2131851cd16e75bf98343bd53c0ffb58babc7f255de4a8b517514f76,1913672,https://api.colabfold.com,greedy,16384,2.2.1,2026-10-03T19:40:44+00:00,2.1
HLA-A*68:02,HLA-A_68_02,182,8fc692256384c04f0da29388b01f74190eb1386fd2e57e9443f536fe4fe8948c,10036,9609,structures/msa/HLA-A_68_02.csv,7c0019c94c53c0602ed161da229dd1aaaa4d08667aa61d2168c5e88d561ad208,1892236,https://api.colabfold.com,greedy,16384,2.2.1,2026-10-03T19:40:47+00:00,2.1
HLA-A*68:23,HLA-A_68_23,182,a1b9560034952d18f029ee39cf4d476e4042b6c783e4cd3e7872ae40384fc7e0,10079,9643,structures/msa/HLA-A_68_23.csv,9b1424418abb628c7e21a60bc7b6dbb78638f295da77288c4355ddb358562fe8,1900194,https://api.colabfold.com,greedy,16384,2.2.1,2026-10-03T19:40:50+00:00,1.9
HLA-A*69:01,HLA-A_69_01,182,c3153f295eff3549378cb0602d7d01b721afb8bd2ead7a5393c9abed7765a482,10022,9593,structures/msa/HLA-A_69_01.csv,616791f4a4127f2013ab95d34fd769b92e2349cba57030112dc315e90effd03f,1890172,https://api.colabfold.com,greedy,16384,2.2.1,2026-10-03T19:40:53+00:00,2.1
HLA-A*74:01,HLA-A_74_01,182,9a22c8aa097c77041457d6b154b49e899464bb4800e50c0400a3f62058ee0e1f,10202,9753,structures/msa/HLA-A_74_01.csv,e3c43b33750bf4e85bc45dad44dbb4fb2020aa965cbfe5c13edac0a9dab5b0c2,1922955,https://api.colabfold.com,greedy,16384,2.2.1,2026-10-03T19:40:56+00:00,1.8
HLA-A*80:01,HLA-A_80_01,182,56888f9ae63495c70d9d6f2107314ac24df2ca11b73dcf2df0fe7742644e6ca8,9710,9296,structures/msa/HLA-A_80_01.csv,e1da32dfebcad7a16cae7afff583adcb6a1fe83863666682714037a096079e0c,1830876,https://api.colabfold.com,greedy,16384,2.2.1,2026-10-03T19:40:59+00:00,1.8
HLA-B*07:02,HLA-B_07_02,182,ff639b8dd3547f2b47b4006b5618c94908222c1705deab7902575d9404337524,10216,9781,structures/msa/HLA-B_07_02.csv,256983a437ef1639c634aae53ea9928d8fac08f8e6e848960a3d0034be2d3446,1925889,https://api.colabfold.com,greedy,16384,2.2.1,2026-10-03T19:40:59+00:00,
HLA-B*08:01,HLA-B_08_01,182,afe96ec6f48b63a9fd4b4365aa6cf27f21caadd48a5fca67e61ba5c5138c7fa7,9933,9501,structures/msa/HLA-B_08_01.csv,7d705e7404a5e11eb21a28bc238df77e4ae1ec262a2842a6525795f9523126f0,1872915,https://api.colabfold.com,greedy,16384,2.2.1,2026-10-03T19:41:02+00:00,2.1
HLA-B*08:03,HLA-B_08_03,182,2e107524a6f112cf211f6439da9ae0af97ab0d32fc9525b2dc7ffafa60b4e6d2,10268,9828,structures/msa/HLA-B_08_03.csv,fb66584bc32fb588ab4a34c29d49f24f65b3bdfdf556825212d6d7532d196e14,1935922,https://api.colabfold.com,greedy,16384,2.2.1,2026-10-03T19:41:05+00:00,2.0
HLA-B*13:02,HLA-B_13_02,182,769568feffee597c00de8dca9f6b0700b0f76be522681539dc549648a3891748,9951,9535,structures/msa/HLA-B_13_02.csv,9037020bcef9a7031fa6e50afe037f5879556f1d935b92627a99b59f1b9fe262,1876366,https://api.colabfold.com,greedy,16384,2.2.1,2026-10-03T19:41:08+00:00,1.9
HLA-B*14:01(C67S),HLA-B_14_01_C67S,182,047d03dd2fc4db8c02cc52b2e92c8346279317d980de4d239c22736e7725943d,10112,9662,structures/msa/HLA-B_14_01_C67S.csv,c8c84afa56205a5cecb43973c5a8d8dd9bdcb405cac2106a94957939e457d416,1906231,https://api.colabfold.com,greedy,16384,2.2.1,2026-10-03T19:41:11+00:00,2.0
HLA-B*14:02(C67S),HLA-B_14_02_C67S,182,757d3a0df1a4983d130e65b7469bd87f48ce0d4ccd49766ccac1e058feb667e6,10246,9797,structures/msa/HLA-B_14_02_C67S.csv,2bf87acc437cce86b0abaeab5f8456d0d9b75f23b9778f1062b14cdfd331246a,1931719,https://api.colabfold.com,greedy,16384,2.2.1,2026-10-03T19:41:14+00:00,2.0
HLA-B*15:01,HLA-B_15_01,182,d6e70e6977f15e19320867d5bbb54a8eeeb9a10ba61e036b7f90569befc59ef8,10305,9883,structures/msa/HLA-B_15_01.csv,6443a4ed0df2adf811aa730d7f5317fc7693cac3442c6ed156cb1a6801709a07,1942475,https://api.colabfold.com,greedy,16384,2.2.1,2026-10-03T19:41:15+00:00,
HLA-B*15:02,HLA-B_15_02,182,d53aa3761eefe6cacb1abc3154dcf4b1a1a4e59356df4e58df6e203640221c95,10205,9770,structures/msa/HLA-B_15_02.csv,09199ac13629fae34b8486bf82e0529b9f23f1a853da8c72fa4e04a1da2b61b4,1924024,https://api.colabfold.com,greedy,16384,2.2.1,2026-10-03T19:41:18+00:00,1.9
HLA-B*15:10,HLA-B_15_10,182,608954a0588462246995323d36ee887102a0a067d4121c332d3675603e86addb,10332,9896,structures/msa/HLA-B_15_10.csv,7643bb7024443a700bba3dfe8107db0f336e50fcd6cce10702d71d70456adace,1948064,https://api.colabfold.com,greedy,16384,2.2.1,2026-10-03T19:41:20+00:00,1.8
HLA-B*15:17,HLA-B_15_17,182,0c1281f96388d1cb72f212f366e3d5f00598aad00e45cc3f5324c10e702b085e,10104,9678,structures/msa/HLA-B_15_17.csv,6bd741529332dc04864f62d3d295f0d8635ace33c75d205408c8d14f6fb198a2,1904911,https://api.colabfold.com,greedy,16384,2.2.1,2026-10-03T19:41:23+00:00,2.0
HLA-B*18:01,HLA-B_18_01,182,18f817bfe29185ca9eb485d0ddd3b350e5ff1ae16fdd4c82e51f5c3e0d6a4ab1,9846,9418,structures/msa/HLA-B_18_01.csv,9a67f6babe2ce45819137e6389b6a8be465ef6935d816a91da7d872ab87da864,1856563,https://api.colabfold.com,greedy,16384,2.2.1,2026-10-03T19:41:26+00:00,1.8
HLA-B*27:02,HLA-B_27_02,182,baabc7a2f5d7a14b2f02384cedd675a3cc5c9d2429097a37ae9691e924c1ffdf,9876,9450,structures/msa/HLA-B_27_02.csv,88c7e8c81a116dd7a296887b3b9dffca820edf496053762246fe109c80dd748e,1862035,https://api.colabfold.com,greedy,16384,2.2.1,2026-10-03T19:41:29+00:00,1.8
HLA-B*27:03,HLA-B_27_03,182,b9575b79383fe64846f34f4b3c1880f2e9d69cb5eb2ea40adbb16f913dd216e0,9978,9539,structures/msa/HLA-B_27_03.csv,71f47bed65df42b64914f98cb9d56efa84e95ec05ca7b5e376fab42608385190,1881119,https://api.colabfold.com,greedy,16384,2.2.1,2026-10-03T19:41:32+00:00,1.8
HLA-B*27:05,HLA-B_27_05,182,5a03a57b195225fd19f6315b701a994e64bc28b2607c1133744e25e524a5c8db,10104,9668,structures/msa/HLA-B_27_05.csv,0f17032d53d75817b5ab9f483f5bc6e238ff650084d94b56d3a8e81442684b9d,1904659,https://api.colabfold.com,greedy,16384,2.2.1,2026-10-03T19:41:35+00:00,2.0
HLA-B*27:20,HLA-B_27_20,182,f3c87b26e09a0c1e71c516d4a78e022ff3ca5a437f9d40183db98a35842a08e3,10167,9720,structures/msa/HLA-B_27_20.csv,1774b722f609001c56e66e3c9b99e059da7c3f0c0ecddd3b3b97f74f6249ef93,1917029,https://api.colabfold.com,greedy,16384,2.2.1,2026-10-03T19:41:38+00:00,1.9
HLA-B*35:01,HLA-B_35_01,182,689a9a601023be6bf0d46d5a6b8de38191519e7f2dba189760744723c15e8ea6,10252,9826,structures/msa/HLA-B_35_01.csv,31ac12d0bcf1f5ebe9d30f22a99e799a9547bbb723589e876d5ace260409937c,1932914,https://api.colabfold.com,greedy,16384,2.2.1,2026-10-03T19:41:38+00:00,
HLA-B*35:03,HLA-B_35_03,182,aa2d970249ad7b9d1cf80bb2c886242f27b403119f9a9418d27f15d6e62ac2e9,10305,9874,structures/msa/HLA-B_35_03.csv,0d16c23e64d888813b99f9e681f8109f4daa417a76ba03a9f8ba54f902d80c8a,1943132,https://api.colabfold.com,greedy,16384,2.2.1,2026-10-03T19:41:41+00:00,2.0
HLA-B*35:08,HLA-B_35_08,182,1e3fa8283d8b6f787769d772a07c14debb6aa0ff407f3a4f1dac314c04e59748,10454,10025,structures/msa/HLA-B_35_08.csv,3f44c1bc4ec1737221364bd70917067e7bfb900d52c4b23779c67459150fc38b,1970701,https://api.colabfold.com,greedy,16384,2.2.1,2026-10-03T19:41:44+00:00,1.9
HLA-B*39:01,HLA-B_39_01,182,66716c95025be7466adcbf477c8b4a613fa984f29805631ac4f1b93f822dcbe5,10187,9752,structures/msa/HLA-B_39_01.csv,5a2fbe8b0090dd591e3c3d20107bcc9c987951024131f03559d711030c2b3783,1920567,https://api.colabfold.com,greedy,16384,2.2.1,2026-10-03T19:41:44+00:00,
HLA-B*39:02,HLA-B_39_02,182,154dd634513885beb123f6ed64ffc6b603fd61485d18ae1b9b50b29a2791526f,10194,9756,structures/msa/HLA-B_39_02.csv,14960ad3bdbccc5f00ca3b4befe97c60aeb27a545d5ed30b4591a0080b097bfa,1921952,https://api.colabfold.com,greedy,16384,2.2.1,2026-10-03T19:41:47+00:00,1.9
HLA-B*39:06(C67S),HLA-B_39_06_C67S,182,f37b48af6068020c6512d3d06d56fbb220b5201ec3b20134a1e64a684b951c72,9990,9549,structures/msa/HLA-B_39_06_C67S.csv,0f295790a96162930df992bb2956526051a4a049c3607f805c310eb1e89519c8,1883361,https://api.colabfold.com,greedy,16384,2.2.1,2026-10-03T19:41:50+00:00,1.9
HLA-B*39:10,HLA-B_39_10,182,f819502f46f4f2bbe043cc9f688a0ab802b540286693112f1c70118d91fdf652,10184,9746,structures/msa/HLA-B_39_10.csv,740a5bd66c01f41c41ced468ef28b54b8f9295f21860faf9c8520383ceed634d,1920027,https://api.colabfold.com,greedy,16384,2.2.1,2026-10-03T19:41:53+00:00,1.8
HLA-B*40:01,HLA-B_40_01,182,c5e66d887928a40283bcfedde7fcb0adb36770e49da233a87dd563f3d90692fa,9713,9291,structures/msa/HLA-B_40_01.csv,108207c16ab387c515867e23c8ea829cacf9e21b40d26a5b5843fe463beb4d7d,1831241,https://api.colabfold.com,greedy,16384,2.2.1,2026-10-03T19:41:56+00:00,1.9
HLA-B*40:02,HLA-B_40_02,182,6fd42c7932a613a78684242fde081f14b567b0dcf987c94bb545f2dd79a5fc34,10107,9667,structures/msa/HLA-B_40_02.csv,5bdea9f5cf8673d55a69b02a907f52199d14787e699ac6cba44d45506a8bd7c0,1905582,https://api.colabfold.com,greedy,16384,2.2.1,2026-10-03T19:41:58+00:00,1.9
HLA-B*41:01,HLA-B_41_01,182,6f721e4295de67d6a6a747c83c0b098496bac0c87d8a38a5f7c0bc61df5156b6,10034,9608,structures/msa/HLA-B_41_01.csv,16f9be8a27f2d9deaa2d495f7e9b3a207663f8478b761d8ed18fe8c1dc519e85,1892030,https://api.colabfold.com,greedy,16384,2.2.1,2026-10-03T19:42:02+00:00,2.0
HLA-B*42:01,HLA-B_42_01,182,255f23c635adc00124f2d29ec2464a050afb39a25e4aec6bd6e6d834bc7ba207,10041,9605,structures/msa/HLA-B_42_01.csv,a490bfec0135d2337e110ec0a1522b9dee56549303f4105629d66bbb442a67ad,1892982,https://api.colabfold.com,greedy,16384,2.2.1,2026-10-03T19:42:05+00:00,2.0
HLA-B*42:02,HLA-B_42_02,182,06bd47de47d17c7f77f2b555cb0ca7cb342b679f6666a8befaf716e5806ae36c,9991,9554,structures/msa/HLA-B_42_02.csv,7ea77c6037902573940a0bd7fefffc9bcbfb06b42b211df9e6664e11ee0623cf,1883512,https://api.colabfold.com,greedy,16384,2.2.1,2026-10-03T19:42:07+00:00,1.9
HLA-B*44:05,HLA-B_44_05,182,d6c098b2116247a64612a019d3b51e7c8b9540404600e5e5928986b13bd22f7a,9849,9421,structures/msa/HLA-B_44_05.csv,5ddd71314eed173b94705dd6f6f9e0001ec9ddf9ff7940143500d27f5e88382d,1857455,https://api.colabfold.com,greedy,16384,2.2.1,2026-10-03T19:42:10+00:00,2.0
HLA-B*45:01,HLA-B_45_01,182,c0f18ed99105ac52ae2666fe3ce18bd1ba47d4e8d0a2d2fab42c0dec1bccda54,9878,9453,structures/msa/HLA-B_45_01.csv,310f01d4590887c0b686577f37d287ac9e4ae253c977bb74a8d7bdc2911df1cd,1862411,https://api.colabfold.com,greedy,16384,2.2.1,2026-10-03T19:42:13+00:00,1.9
HLA-B*46:01,HLA-B_46_01,182,22a5ea97929900422e8976da6936a5627cf0209c544d23df2c713ca4e6f46d94,10139,9721,structures/msa/HLA-B_46_01.csv,3215f37178a6001aa191ccb2cc0ff78dde790b8579d1cd4bb9965900129c52ff,1911362,https://api.colabfold.com,greedy,16384,2.2.1,2026-10-03T19:42:16+00:00,2.0
HLA-B*51:01,HLA-B_51_01,182,2c77cc072331583e34074722afe403dde210cbdab5fd3b570256cce495c955e8,9911,9489,structures/msa/HLA-B_51_01.csv,065426e4055bdde138dc034c7cf7eb62e0c7770d04c618d9b2090afdea036131,1868876,https://api.colabfold.com,greedy,16384,2.2.1,2026-10-03T19:42:19+00:00,1.8
HLA-B*54:01,HLA-B_54_01,182,8e92321475e5227a7575471776060b54221fbef0b1bf6e3f3e86a322f90df8dd,10115,9683,structures/msa/HLA-B_54_01.csv,2b42733afd0395417fd30f49cdbc9ea33d85defbf85ff6b494125e6bfe118b0b,1907293,https://api.colabfold.com,greedy,16384,2.2.1,2026-10-03T19:42:22+00:00,1.9
HLA-B*55:01,HLA-B_55_01,182,efcf2cd98436b6b3779ae790878e9700d0a220de440328f528149ab199189489,10005,9561,structures/msa/HLA-B_55_01.csv,583a3ea0a9e0fc5ae008cb98fad918ae9b68894fc90673bc97ca4a4181aa13bb,1886226,https://api.colabfold.com,greedy,16384,2.2.1,2026-10-03T19:42:25+00:00,1.9
HLA-B*56:01,HLA-B_56_01,182,212fce6d628f1dbc1094e298fd0f780f07cc3ce81de5e9d8a709acb54467b68f,10119,9698,structures/msa/HLA-B_56_01.csv,6be05bce5479b55f2314cdbe7e989937c1e28a8220cb777ffdfc4a772c4c1015,1907220,https://api.colabfold.com,greedy,16384,2.2.1,2026-10-03T19:42:28+00:00,2.1
HLA-B*57:01,HLA-B_57_01,182,7f7b9eb9af3108f5efbe9d49b9d6963a2c4bd7a5943edc259b4a862e15915ab9,9783,9373,structures/msa/HLA-B_57_01.csv,01c92ce7e6a19673da50dde3309187ef97008fe6aaa38c8a45be8d0ac6482081,1844241,https://api.colabfold.com,greedy,16384,2.2.1,2026-10-03T19:42:32+00:00,2.1
HLA-B*57:02,HLA-B_57_02,182,95ed79807ef758197c7a2a91d656ab453ee59dbd3d6903b954f4ecd1324c0f2f,10106,9685,structures/msa/HLA-B_57_02.csv,2cd7a9e19be02f29a9954e6be7dd021d777acf6168f79c4e4971c273629f07d2,1905140,https://api.colabfold.com,greedy,16384,2.2.1,2026-10-03T19:42:35+00:00,2.1
HLA-B*57:03,HLA-B_57_03,182,a0523fb89e40d52d563885f2e0f4521bc4d11ec3109a05433b5e1745a909e7ab,9988,9554,structures/msa/HLA-B_57_03.csv,8372377fb682eef1c7629143c7cdcca3516ee1f12497ebcc25ad5fe66f5ecaf7,1883182,https://api.colabfold.com,greedy,16384,2.2.1,2026-10-03T19:42:38+00:00,2.1
HLA-B*58:01,HLA-B_58_01,182,cb31e19d7049fc7f53a30310a4dc754a85d03695b81ad3194680ac704d5fcc02,9959,9532,structures/msa/HLA-B_58_01.csv,badf2faa88cb459d5fb991c3bf0d250d0238cd8e8bea0de3b59e57b295fcbc9e,1877951,https://api.colabfold.com,greedy,16384,2.2.1,2026-10-03T19:42:41+00:00,2.2
HLA-B*81:01,HLA-B_81_01,182,9de87fedba56a95d6924556f66a87971512c4f2dad92f476aa4d183bf707820f,9731,9309,structures/msa/HLA-B_81_01.csv,20c90a77c94032f14f533b53d1aa960ad57105ba8f81b3d974680b003b687819,1834497,https://api.colabfold.com,greedy,16384,2.2.1,2026-10-03T19:42:44+00:00,2.1
