allele,position,eta2,eta2_adj,n_residues,entropy_bits
HLA-A*01:01,1,0.1276452723707656,0.03854809294237424,20,4.184320789465456
HLA-A*01:01,2,0.09069509874954451,0.03453434500554385,13,2.5136327224760167
HLA-A*01:01,3,0.22842128160902897,0.15284951430964472,18,3.0527039421952495
HLA-A*01:01,4,0.11310404972549601,0.021055506149261882,20,4.119297261329797
HLA-A*01:01,5,0.10433577548155307,0.007450909704190906,20,4.137254328237876
HLA-A*01:01,6,0.09001048683736608,0.00025645631395342094,20,4.0911638367020435
HLA-A*01:01,7,0.09417406265908541,0.011205229799078745,20,3.9539527156935086
HLA-A*01:01,8,0.1352346767841707,0.054495470798622145,19,3.9939848295257905
HLA-A*01:01,9,0.04967157549183662,0.01320125755478544,9,0.8689457320697846
HLA-A*02:01,1,0.0939704440876329,0.0751270337030624,20,3.969098848647848
HLA-A*02:01,2,0.14462433869741848,0.12886435071909325,18,2.4609902046666727
HLA-A*02:01,3,0.1184203412504716,0.09880423916004676,20,4.110338610839245
HLA-A*02:01,4,0.03588295148404847,0.016643596470465594,20,3.9577749147508037
HLA-A*02:01,5,0.04778387083750873,0.02895557088290694,20,4.195803906677032
HLA-A*02:01,6,0.044867135329666435,0.026551208021055088,20,4.054264748164675
HLA-A*02:01,7,0.05193022953596014,0.03492214251322429,20,4.163787123262764
HLA-A*02:01,8,0.04354135523386363,0.025229350641683333,20,4.1272914066535105
HLA-A*02:01,9,0.11139516169238725,0.09570008041732175,17,2.3664029580269235
HLA-A*02:03,1,0.12815403443215528,0.08026949818772462,19,3.6892945735187435
HLA-A*02:03,2,0.11270497468871608,0.09274905232066448,8,1.9841535596383062
HLA-A*02:03,3,0.25360485973656044,0.207911627198035,18,3.7428174716585803
HLA-A*02:03,4,0.044526288416378484,-0.001526600882194258,20,3.6428435590672623
HLA-A*02:03,5,0.05624363824186212,0.00668355529498775,20,4.084383178847259
HLA-A*02:03,6,0.1015975489835852,0.052447585363003826,20,3.8729325530425203
HLA-A*02:03,7,0.12096670579151605,0.07285749626964065,20,3.982313298698959
HLA-A*02:03,8,0.07062040899505839,0.022413747635044612,20,3.942620587014235
HLA-A*02:03,9,0.08799135495951045,0.07814958607003307,6,1.6532935960057071
HLA-A*02:10,1,0.10062357953225118,0.05483651710118108,19,3.6998753081220217
HLA-A*02:10,2,0.117774246776222,0.09467811231942383,8,2.0046255399041635
HLA-A*02:10,3,0.19132749133076485,0.14597332064553653,18,3.7441140251216667
HLA-A*02:10,4,0.06383485126220122,0.00969329504797179,20,3.633615717393035
HLA-A*02:10,5,0.05833290076003971,0.005067406846993819,20,4.1012357047776025
HLA-A*02:10,6,0.11089059792315807,0.05517931928235222,20,3.8451603051655656
HLA-A*02:10,7,0.09801131278469495,0.04531079194752457,20,3.9634483904704876
HLA-A*02:10,8,0.08122748622306998,0.02413087982973805,20,3.9451871089783235
HLA-A*02:10,9,0.06835314963346098,0.049805076690730865,6,1.665151255259298
HLA-A*02:11,1,0.13841104784240962,0.09321533029518117,19,3.697002977103292
HLA-A*02:11,2,0.05668752431784669,0.039996004930745926,8,1.9884450985235607
HLA-A*02:11,3,0.13727108307670863,0.0932518051507188,18,3.755348470698209
HLA-A*02:11,4,0.054389209184273625,0.005184335511988367,20,3.6431342411881658
HLA-A*02:11,5,0.12551233320809577,0.07075048589555841,20,4.089733056748011
HLA-A*02:11,6,0.05975186734946654,0.006933553194489045,20,3.8774672342255734
HLA-A*02:11,7,0.04792725367539857,-0.00046518540148391546,20,3.9735161886067094
HLA-A*02:11,8,0.07924165156228435,0.025761417826256607,20,3.9388915177542323
HLA-A*02:11,9,0.06442177726937917,0.05044944004437001,6,1.6532935960057071
HLA-A*02:12,1,0.14516732794423795,0.09853505068576776,19,3.6915259944085324
HLA-A*02:12,2,0.11842786846319629,0.10000651013312362,8,1.9952387629928454
HLA-A*02:12,3,0.19354687275075477,0.14948081119143067,18,3.753717935414694
HLA-A*02:12,4,0.0579433400735854,0.008345217366435724,20,3.645233303158008
HLA-A*02:12,5,0.05573141013341948,0.004454444484036514,20,4.095374009857349
HLA-A*02:12,6,0.11965758395601411,0.06853550361870614,20,3.8758450290033353
HLA-A*02:12,7,0.036119637938814196,-0.016397824507556613,20,3.974352161202121
HLA-A*02:12,8,0.08383315826556413,0.03103141622293549,20,3.916067322889698
HLA-A*02:12,9,0.08628045347091541,0.07335290165973031,6,1.6552827529811363
HLA-A*02:16,1,0.1834195062549688,0.1313598754325122,19,3.669224933324543
HLA-A*02:16,2,0.1809873138578792,0.16005828156835125,8,2.005389271917637
HLA-A*02:16,3,0.08272465928800932,0.03318898804326318,18,3.7416320623405506
HLA-A*02:16,4,0.06416762587341074,0.019702013995297377,20,3.648296126833876
HLA-A*02:16,5,0.0494652347698688,-0.005661294388350918,20,4.07841525252783
HLA-A*02:16,6,0.07875926983864019,0.032811252982080756,20,3.8828756283852215
HLA-A*02:16,7,0.07918075507810785,0.025282880325713332,20,3.9762093653216684
HLA-A*02:16,8,0.06711851953450229,0.02189836083496975,20,3.9368159482217573
HLA-A*02:16,9,0.06602918472009445,0.053792545097204464,6,1.6484639370004825
HLA-A*02:19,1,0.1390498353329401,0.08636734247440186,19,3.715557687644376
HLA-A*02:19,2,0.14314335116700616,0.12419714021931808,8,1.9990296439970021
HLA-A*02:19,3,0.26082943254835667,0.21852125847357082,18,3.752938530290491
HLA-A*02:19,4,0.04801334922615651,-0.001852517604030518,20,3.60106578350473
HLA-A*02:19,5,0.06800663460961909,0.016741071704859903,20,4.060375218336192
HLA-A*02:19,6,0.10526090199714977,0.05725075080071691,20,3.8480106305360704
HLA-A*02:19,7,0.06686350341123161,0.012680312853896397,20,3.9688217065335145
HLA-A*02:19,8,0.07996977532477807,0.027197849333134072,20,3.9292624596538723
HLA-A*02:19,9,0.12061769110794104,0.10723806230298387,6,1.625985180201734
HLA-A*02:50,1,0.12517372015177022,0.07500898306516038,19,3.6667881082813847
HLA-A*02:50,2,0.1713021461554772,0.15078057317322083,8,2.0078110992847154
HLA-A*02:50,3,0.23379864865036884,0.18186376181290792,18,3.760745027526064
HLA-A*02:50,4,0.04501654333410264,-0.007915857335561355,20,3.6588940960317875
HLA-A*02:50,5,0.052930954819384084,-0.0021269466504541396,20,4.085169898697008
HLA-A*02:50,6,0.07326436364511671,0.021028215108363495,20,3.8922442688772483
HLA-A*02:50,7,0.06915189658316084,0.01865789643011649,20,3.986332152460818
HLA-A*02:50,8,0.03827041646570313,-0.011990467133522129,20,3.9371040805561948
HLA-A*02:50,9,0.0091574499529003,-0.002123133454321883,6,1.6547181608552888
HLA-A*03:01,1,0.11335240611905463,0.0919998399529717,20,3.665201182943246
HLA-A*03:01,2,0.050969340835542894,0.03245922112927408,15,2.8720172109224205
HLA-A*03:01,3,0.041801764742862416,0.017755561000093307,20,3.8086545826595124
HLA-A*03:01,4,0.04698776952400409,0.026905724293982948,20,4.159000421907594
HLA-A*03:01,5,0.03179296574073909,0.012646886263808256,20,4.137006010237106
HLA-A*03:01,6,0.024107700571187527,0.0028192962862572703,20,4.111744996050251
HLA-A*03:01,7,0.03901526096629563,0.017885592668016134,20,3.8734166774520777
HLA-A*03:01,8,0.03586461139076805,0.015222873844589185,20,4.0433192757191225
HLA-A*03:01,9,0.2512811894261863,0.24386973500820266,7,1.69891264471023
HLA-A*11:01,1,0.11005019767152367,0.0824543627578612,19,3.6721536802731385
HLA-A*11:01,2,0.1351331489957892,0.11081700388880807,17,2.916272741945359
HLA-A*11:01,3,0.09155526323432023,0.0593061218228224,20,3.803968954369193
HLA-A*11:01,4,0.029364719281001674,-0.00584063767196236,20,4.155974335785206
HLA-A*11:01,5,0.049235061596558924,0.01844599754381521,20,4.1154303997374475
HLA-A*11:01,6,0.02162376624313083,-0.014800174345130451,20,4.1520443685216755
HLA-A*11:01,7,0.03841844531970528,0.004370237991651323,20,3.877656275429887
HLA-A*11:01,8,0.05984934352801261,0.0255880277640197,20,3.986807871607704
HLA-A*11:01,9,0.2980427730552593,0.2770806038527283,12,1.6430180073679694
HLA-A*23:01,1,0.15165436894475062,0.09508333093018315,20,3.82499133649311
HLA-A*23:01,2,0.21782866194090256,0.1890211547099045,12,2.4743361575844656
HLA-A*23:01,3,0.1341779290751741,0.08192995282113545,20,3.851471843778562
HLA-A*23:01,4,0.053568977104854254,-0.002858225389824484,20,4.0468654596893465
HLA-A*23:01,5,0.0716420553493373,0.020925756827403025,20,4.121505793209575
HLA-A*23:01,6,0.04938966533106765,0.000999872767181019,20,4.077178686581857
HLA-A*23:01,7,0.09222968127486031,0.04068599876976079,19,3.892024925445263
HLA-A*23:01,8,0.07003175107009837,0.025628949518335997,20,4.031812374586471
HLA-A*23:01,9,0.06384665681600536,0.04564610541437508,7,2.0788493084098922
HLA-A*24:02,1,0.07415186976700261,0.03836776900531587,20,3.9825549799321522
HLA-A*24:02,2,0.3127572053361612,0.2882174292694706,15,2.8815348458273435
HLA-A*24:02,3,0.08667086120632687,0.05223795171381789,20,4.018178720896501
HLA-A*24:02,4,0.03086578452748413,-0.003646703591503115,20,4.151421263919225
HLA-A*24:02,5,0.041224209983982775,0.010345022447073804,20,4.163623123110579
HLA-A*24:02,6,0.06194685533031462,0.026957807791709414,20,4.095680687882887
HLA-A*24:02,7,0.058189801433046875,0.02787060760828283,20,4.031894735318908
HLA-A*24:02,8,0.0537063997246404,0.01958129207235914,20,4.087542752098978
HLA-A*24:02,9,0.03198834978975574,0.017711847576624726,9,2.019285280979749
HLA-A*24:03,1,0.11134817943162979,0.07523626391827476,20,3.9966461079877407
HLA-A*24:03,2,0.1589745345449291,0.1311372408468288,17,2.629476590989827
HLA-A*24:03,3,0.0645926751805937,0.029323832389699787,20,4.01825138124911
HLA-A*24:03,4,0.039128103227849445,-0.0034163712759918766,20,4.133013649384473
HLA-A*24:03,5,0.04501284902874615,0.010147812513543818,20,4.167993282633008
HLA-A*24:03,6,0.06493226419050607,0.02870693464103731,20,4.132539566062716
HLA-A*24:03,7,0.08721627161762843,0.04820851394596859,20,4.1209162651652385
HLA-A*24:03,8,0.06261792916553993,0.028388737010496726,20,4.125075254226528
HLA-A*24:03,9,0.04565339814514085,0.0292917774858083,10,2.2059998135662875
HLA-A*24:07,1,0.14847722781265005,0.09828255098377192,20,3.836858534562444
HLA-A*24:07,2,0.2023370912681116,0.1768138163436685,12,2.446922217336918
HLA-A*24:07,3,0.101917066089454,0.045949368363049435,19,3.8562174884746847
HLA-A*24:07,4,0.08306030971057703,0.035979601747957946,20,4.060567868757212
HLA-A*24:07,5,0.08746797467698196,0.030743399550442793,20,4.116382245505757
HLA-A*24:07,6,0.08379926114691487,0.020789491404462776,20,4.077424450826421
HLA-A*24:07,7,0.08386795246020821,0.03707594264193901,19,3.889303786807194
HLA-A*24:07,8,0.08995350944343758,0.037826208767205334,20,3.9969825703910207
HLA-A*24:07,9,0.1283857177484797,0.10967847111813359,7,2.063727675853721
HLA-A*24:19,1,0.053237468846691303,0.011357220756244242,19,3.8314475768938294
HLA-A*24:19,2,0.03594660792998205,0.008709360389498974,12,2.476324380113324
HLA-A*24:19,3,0.032483919843058776,-0.008842278375959911,20,3.870085275725913
HLA-A*24:19,4,0.09987601943720327,0.05175244696118845,20,4.054555672159742
HLA-A*24:19,5,0.039349608670110954,-0.017777154415548217,20,4.116272226028488
HLA-A*24:19,6,0.03921888210641775,-0.015880642223164397,20,4.088828922437086
HLA-A*24:19,7,0.060094487933377336,0.007028296620207694,19,3.876837585352035
HLA-A*24:19,8,0.09063117065210027,0.036180663903164365,20,4.025562103696797
HLA-A*24:19,9,0.034116035659265624,0.018512389669404397,7,2.076796135797052
HLA-A*25:01,1,0.10612843343680237,0.06061255648144776,17,3.279619026762234
HLA-A*25:01,2,0.023112230549449202,-0.0023143884811286618,10,2.1973545738959652
HLA-A*25:01,3,0.1358943403220036,0.09615346240346373,19,3.5213378364790784
HLA-A*25:01,4,0.05964918957540363,0.012912533440208922,20,3.9739962808575
HLA-A*25:01,5,0.06164969674766128,0.007610348404993271,20,4.171189001769373
HLA-A*25:01,6,0.1319708786291624,0.0792524249802057,19,3.824106819614172
HLA-A*25:01,7,0.10283169858333444,0.04482808397928176,20,3.969838971214154
HLA-A*25:01,8,0.12393857069413577,0.0790648399763633,19,3.830081567583096
HLA-A*25:01,9,0.0983659685697547,0.07037171860113275,11,2.111412499767989
HLA-A*26:01,1,0.23508019543095363,0.17858497471056378,17,3.3195322809732897
HLA-A*26:01,2,0.07566607004075089,0.029385424263198415,13,2.6186895900470066
HLA-A*26:01,3,0.14433694887878765,0.08280193016641041,20,3.7618272594117252
HLA-A*26:01,4,0.04975300853912968,-0.015879418226139107,20,3.790368904319801
HLA-A*26:01,5,0.07791316089631414,0.011169315603185778,20,4.19884189025953
HLA-A*26:01,6,0.12182468332864049,0.043468637954150874,20,3.846799960405113
HLA-A*26:01,7,0.06257176553437112,-0.004529368995575392,20,3.937558954145471
HLA-A*26:01,8,0.05508978295222022,-0.019526377743769793,20,3.8311241813822567
HLA-A*26:01,9,0.031599983019481255,-0.010853922194826511,11,2.039308361880556
HLA-A*26:02,1,0.18029991016677616,0.1421644301605725,16,3.2363624355470546
HLA-A*26:02,2,0.08241471879393873,0.0523781645956878,10,2.1989851295741643
HLA-A*26:02,3,0.0664941853508092,0.011425214113311197,19,3.4894952949611633
HLA-A*26:02,4,0.07866961378170159,0.032308528320905146,20,3.9676816193452824
HLA-A*26:02,5,0.10017300838696737,0.04713314564809762,20,4.180576925340397
HLA-A*26:02,6,0.1538263947611387,0.09939569022647848,19,3.817068966496179
HLA-A*26:02,7,0.0707351587881149,0.012497757502926962,20,3.951362582645404
HLA-A*26:02,8,0.0772611810708106,0.021834224783461503,19,3.81929968553845
HLA-A*26:02,9,0.094426136383857,0.0650214998780527,11,2.2384088336812837
HLA-A*26:03,1,0.16976661095200832,0.12359089915759175,17,3.2459387325198765
HLA-A*26:03,2,0.0653951448393348,0.0403538562732356,10,2.2423391958199974
HLA-A*26:03,3,0.1742064860478966,0.12638422458017648,18,3.4382971387191033
HLA-A*26:03,4,0.06370924085549237,0.007166672102457021,20,3.933455873648779
HLA-A*26:03,5,0.07941296354682933,0.02102866185526902,20,4.175373561189338
HLA-A*26:03,6,0.14707962921885923,0.09343686870232049,19,3.786270684647307
HLA-A*26:03,7,0.06364521664085428,0.010308849489638887,20,3.9672834955780556
HLA-A*26:03,8,0.07472079197138239,0.02783679645426626,19,3.8558278911175194
HLA-A*26:03,9,0.13043949617286782,0.10209569378213967,11,2.2133560854768426
HLA-A*29:02,1,0.05138475567866312,0.006279014584296361,19,3.9255535028487927
HLA-A*29:02,2,0.052161192201354664,0.024589167417960193,13,2.7918593833438194
HLA-A*29:02,3,0.17099529630328333,0.11930538661841467,20,3.8919009768278774
HLA-A*29:02,4,0.06527874080662793,0.016493299341049962,20,4.086419557554293
HLA-A*29:02,5,0.06044644016813782,0.01237384886897789,20,4.103585241557699
HLA-A*29:02,6,0.08139106865551075,0.026574601658161577,20,4.024642326440468
HLA-A*29:02,7,0.2112086900892185,0.16472632713551116,20,3.805993903695757
HLA-A*29:02,8,0.10097196325767509,0.05186450836822834,20,3.904465484693379
HLA-A*29:02,9,0.021311556202066605,0.014303404404122326,5,0.2454638594019336
HLA-A*30:01,1,0.10132509643609901,0.05696476634287569,18,3.6412823818622297
HLA-A*30:01,2,0.05020826675249533,0.024231741159743133,12,2.8361285325335905
HLA-A*30:01,3,0.12674987453836045,0.07421820354199136,19,3.5905097168462534
HLA-A*30:01,4,0.048217485605120965,0.00036869261549155735,20,4.154409709054223
HLA-A*30:01,5,0.09185150541560749,0.043231839722179644,20,4.059982711390701
HLA-A*30:01,6,0.07716581587225962,0.03153677661361963,20,4.111904282866166
HLA-A*30:01,7,0.08791847528768837,0.041522588487247755,20,3.926153378686127
HLA-A*30:01,8,0.05425310997768202,0.008838679075259342,20,3.898822777458738
HLA-A*30:01,9,0.2005521431554423,0.1813525551841563,8,1.320053419141221
HLA-A*30:02,1,0.29445776317865885,0.23970381919341077,20,3.9387631286635463
HLA-A*30:02,2,0.04312408671394693,0.019356608855893215,10,2.6437822838083433
HLA-A*30:02,3,0.1193578806516654,0.06574657829090602,20,3.8337755486963774
HLA-A*30:02,4,0.06497067364504414,0.007111111179144994,20,4.079235071952954
HLA-A*30:02,5,0.07232219592524167,0.019512146320062637,20,4.113287636965387
HLA-A*30:02,6,0.08102627177691177,0.02721640222965071,20,4.012190247347874
HLA-A*30:02,7,0.16065708125718614,0.11348606460879818,20,3.794758292890642
HLA-A*30:02,8,0.06260378289683219,0.016112803846804344,20,3.922807610966464
HLA-A*30:02,9,0.001714679824694812,1.2713621166234469e-05,2,0.02713995635285986
HLA-A*31:01,1,0.1428739482269595,0.10484268665580941,17,3.6336260100388684
HLA-A*31:01,2,0.03132437092908515,0.0011733355499059933,12,2.8003253271701594
HLA-A*31:01,3,0.07063535065428335,0.025580109102297424,20,3.6234554706592284
HLA-A*31:01,4,0.06752788625736905,0.01822102048909062,20,4.15738740568363
HLA-A*31:01,5,0.035636614900513126,-0.018829750449223144,20,4.05111046921696
HLA-A*31:01,6,0.10208855794431176,0.04916798749188319,20,4.109673498240668
HLA-A*31:01,7,0.08093163154751347,0.032273813576501525,20,3.9073848924071433
HLA-A*31:01,8,0.059707847310458015,0.00701095695757354,20,3.924983429252726
HLA-A*31:01,9,0.32638149797797045,0.31921109350000576,4,1.1362986611434525
HLA-A*32:07,1,0.2838022364162688,0.23324242117978364,19,3.8258742593873807
HLA-A*32:07,2,0.13621783779041963,0.10248427708161757,12,2.496521660783439
HLA-A*32:07,3,0.05302683678763845,-0.0014303532109785771,20,3.8750182595526517
HLA-A*32:07,4,0.0251477568123148,-0.021768526474542853,20,4.052739559984436
HLA-A*32:07,5,0.09171098502423651,0.03768398462114696,20,4.117725055004138
HLA-A*32:07,6,0.12590492188697236,0.07217879678029554,20,4.0768244434489205
HLA-A*32:07,7,0.07951697412058775,0.028625537433572976,19,3.8669693127494575
HLA-A*32:07,8,0.11149401942688551,0.06033130288427817,20,4.02526137074129
HLA-A*32:07,9,0.09266497899391639,0.07094808104594537,7,2.064680434704195
HLA-A*33:03,1,0.2354492219082159,0.1916520989976423,18,3.649759238749887
HLA-A*33:03,2,0.06809976612902516,0.03891098693993489,12,2.7917004575045987
HLA-A*33:03,3,0.09321694749987416,0.041913173626954355,19,3.580511378754585
HLA-A*33:03,4,0.06209968687064175,0.009750387688597095,20,4.149073881311769
HLA-A*33:03,5,0.09074466094536811,0.0379271624801639,20,4.062020298451675
HLA-A*33:03,6,0.07893941172068164,0.024187312967195007,20,4.0947749054271325
HLA-A*33:03,7,0.06351462203587446,0.013947591928305449,20,3.8914215631436937
HLA-A*33:03,8,0.09571698724139101,0.04742976622027749,20,3.868709777159518
HLA-A*33:03,9,0.2812478544083422,0.271783572547917,4,1.1423335153586631
HLA-A*43:01,1,0.0960811158777489,0.04379086204416839,20,3.904844636383135
HLA-A*43:01,2,0.09897730679338915,0.06569907809891304,10,2.6390636034771893
HLA-A*43:01,3,0.1501573992032752,0.09859775295278833,20,3.849563366141597
HLA-A*43:01,4,0.06438437156054119,0.014518528356615767,20,4.075396494670243
HLA-A*43:01,5,0.08230670195489852,0.033370132357511656,20,4.096069554033745
HLA-A*43:01,6,0.05690791596200976,0.007059553886723108,20,3.994734567114785
HLA-A*43:01,7,0.061031682308307626,0.008022105587498302,20,3.7888735292898357
HLA-A*43:01,8,0.07585407584506035,0.02225877179189774,20,3.896620798402544
HLA-A*43:01,9,0.00047528374820272396,-0.0025913508766192395,2,0.0497298548303255
HLA-A*66:01,1,0.05717640065782104,0.01413781889057153,17,3.2962111552962257
HLA-A*66:01,2,0.04811915528582787,0.0194708410317309,10,2.1995040499622096
HLA-A*66:01,3,0.08794836492231264,0.030839621379474977,19,3.50589256054782
HLA-A*66:01,4,0.05493336416565098,0.005451579627858763,20,3.9722222588380265
HLA-A*66:01,5,0.0951780302011295,0.05051561136690448,20,4.173161743995074
HLA-A*66:01,6,0.05149412344236306,0.0059435107416529465,19,3.8228818402414433
HLA-A*66:01,7,0.029182145408499713,-0.02532198246929343,20,3.9535813944629283
HLA-A*66:01,8,0.05299786234604465,0.004309858964334813,19,3.8413073038329664
HLA-A*66:01,9,0.25593416121118967,0.23180987745581938,11,2.2766192393676317
HLA-A*68:01,1,0.19895801841707897,0.15217426827566388,18,3.687139523716721
HLA-A*68:01,2,0.2654799780588896,0.23949460923743596,12,2.7972942984647626
HLA-A*68:01,3,0.11410105911299306,0.07088158920564407,19,3.620627068390627
HLA-A*68:01,4,0.07087856856984832,0.018630186289253885,20,4.167488144079815
HLA-A*68:01,5,0.09157995838716065,0.041673177549147726,20,4.061778199560342
HLA-A*68:01,6,0.08427077311061637,0.032905040394762865,20,4.097557644175234
HLA-A*68:01,7,0.060878832973592714,0.010746689957882,20,3.921543188283605
HLA-A*68:01,8,0.05189215310411465,0.001611147043290545,20,3.91562504127115
HLA-A*68:01,9,0.10504544881309318,0.09732190475681493,4,1.160439071179092
HLA-A*68:23,1,0.05739411657052851,0.019713558330164728,16,3.2674112603963383
HLA-A*68:23,2,0.049055840828301694,0.02316904745700693,10,2.213225946102945
HLA-A*68:23,3,0.175107109835708,0.12810202462897077,19,3.5156088807222283
HLA-A*68:23,4,0.07393018370153191,0.020789688646554692,20,3.9668360515067556
HLA-A*68:23,5,0.09752574670948601,0.05107581577198746,20,4.177016444038273
HLA-A*68:23,6,0.11695054011032933,0.06521108582711287,19,3.802210436058998
HLA-A*68:23,7,0.09853970753239598,0.04764940066004868,20,3.960770542388353
HLA-A*68:23,8,0.12592735865720317,0.07513885368296176,19,3.848186275170716
HLA-A*68:23,9,0.061049225666705724,0.03839797537584609,11,2.205809905462411
HLA-A*74:01,1,0.15175163871590974,0.10235053758355925,18,3.6317668249712134
HLA-A*74:01,2,0.12254400613607762,0.09490466877499536,12,2.816636151494717
HLA-A*74:01,3,0.051225032378916804,0.003739998119907377,19,3.584132924143215
HLA-A*74:01,4,0.0728592684203268,0.018954839470772353,20,4.150108975422578
HLA-A*74:01,5,0.0798480856818305,0.02685140733268241,20,4.056103791133271
HLA-A*74:01,6,0.09869662698145044,0.04604985312003991,20,4.08128060380632
HLA-A*74:01,7,0.06442555299794092,0.008162863321000774,20,3.9135015759612037
HLA-A*74:01,8,0.04325503007817986,-0.010201867425130628,20,3.883939303242132
HLA-A*74:01,9,0.2568213338388981,0.24942814025800109,4,1.1374032256564264
HLA-A*80:01,1,0.21523967232597,0.16122433772264422,19,3.906210465932621
HLA-A*80:01,2,0.11350242298767933,0.09150847632129544,10,2.6625364358083523
HLA-A*80:01,3,0.07693743096574995,0.02750098277946074,20,3.8543613816530704
HLA-A*80:01,4,0.09661094563392307,0.043005594440457214,20,4.077348208437574
HLA-A*80:01,5,0.048754117325430814,-0.0015751997442418272,20,4.114085879693336
HLA-A*80:01,6,0.050753734436752025,-0.0024215194715383817,20,4.0113705458633016
HLA-A*80:01,7,0.1822345308825497,0.12500339589518916,20,3.7845148861714666
HLA-A*80:01,8,0.048629998970021085,-0.006122214994027472,20,3.9275767763448917
HLA-A*80:01,9,0.00023470125300431599,-0.0014497993897890698,2,0.050677516751373754
HLA-B*07:02,1,0.12318397015364616,0.09429246802151361,19,3.813105393488631
HLA-B*07:02,2,0.114998210910911,0.0954964912831936,14,1.312896017413294
HLA-B*07:02,3,0.12949814453779035,0.10202159234192736,20,3.6870556020229492
HLA-B*07:02,4,0.05282912646864614,0.024317947586426816,20,4.188616093085997
HLA-B*07:02,5,0.0710178761842971,0.03999634504322419,20,4.112982607435892
HLA-B*07:02,6,0.06071888430734776,0.030833576842512526,20,3.9415176000478893
HLA-B*07:02,7,0.03945696385017645,0.006137142615211165,20,4.031966882941156
HLA-B*07:02,8,0.07568563377291053,0.04710092995171189,20,3.5619327600393618
HLA-B*07:02,9,0.10991862449599496,0.08250687358643902,18,2.6981089971749106
HLA-B*08:01,1,0.09511752259368594,0.053903071705206425,20,3.775891776889062
HLA-B*08:01,2,0.11635398496945722,0.07996525771588847,19,3.2613461981892677
HLA-B*08:01,3,0.08879604301134084,0.05237319292874961,19,3.305838151777081
HLA-B*08:01,4,0.03882752901907556,-0.0064670366097397194,20,4.0455451094464525
HLA-B*08:01,5,0.2258405674747511,0.18532423721566965,20,3.384440889211343
HLA-B*08:01,6,0.06257815662196477,0.01918260496627079,20,4.009800248761409
HLA-B*08:01,7,0.0515326573858968,0.012575320650176393,20,4.088598494647382
HLA-B*08:01,8,0.06146931479216846,0.018981537368303866,20,3.4694708317868037
HLA-B*08:01,9,0.03366333433014396,0.01236340626195102,11,1.9920271555758409
HLA-B*08:03,1,0.13318984980209406,0.07989816224924325,19,3.5764024399913086
HLA-B*08:03,2,0.11753249984554044,0.0670767104718068,17,3.2011049942400964
HLA-B*08:03,3,0.05344816155186006,0.0016949797998630778,19,3.421629719916649
HLA-B*08:03,4,0.11228305644125051,0.055133408181087556,20,3.995209818332632
HLA-B*08:03,5,0.042313294367601194,-0.012452691806032493,20,3.2094863095414348
HLA-B*08:03,6,0.06591358071413715,0.014193016333854142,19,3.98232804734171
HLA-B*08:03,7,0.09870379309383917,0.04350759584959708,20,4.0782719459650485
HLA-B*08:03,8,0.03907890672841972,-0.01255645591818283,20,3.359971713180975
HLA-B*08:03,9,0.1172728863639345,0.09498012913944112,8,1.8550652580404712
HLA-B*14:01(C67S),1,0.07998659236849412,0.0278877187472472,19,3.6082815361058507
HLA-B*14:01(C67S),2,0.13624002394569795,0.09699151059617159,17,3.163896402480596
HLA-B*14:01(C67S),3,0.11745004186211067,0.054673005838869845,19,3.4226113022913918
HLA-B*14:01(C67S),4,0.0502389795795656,0.002235791059569149,20,4.020992535767433
HLA-B*14:01(C67S),5,0.03434113265549711,-0.01605172586499995,20,3.2648199312254986
HLA-B*14:01(C67S),6,0.04253943406876623,-0.004260998065775665,20,3.984476062837736
HLA-B*14:01(C67S),7,0.0480628388545388,-0.0006499524125392758,20,4.068566903903558
HLA-B*14:01(C67S),8,0.03506701126106006,-0.025331597825636418,20,3.4055211018082248
HLA-B*14:01(C67S),9,0.017893663379216735,0.0008130583492303792,8,1.8247445311349395
HLA-B*14:02(C67S),1,0.08307896671154652,0.03292039829760458,19,3.62484618729553
HLA-B*14:02(C67S),2,0.1498052800720133,0.10906704034849844,17,3.1660575007571286
HLA-B*14:02(C67S),3,0.08246497675513297,0.039000288236480274,19,3.442721187615756
HLA-B*14:02(C67S),4,0.08978985432246536,0.034353711206348274,20,4.022090441445008
HLA-B*14:02(C67S),5,0.14718966671574887,0.09898614831240898,20,3.259938309739263
HLA-B*14:02(C67S),6,0.057640312228175214,0.013673945477186318,20,3.9926402060021458
HLA-B*14:02(C67S),7,0.05560573056912364,0.010600147040770752,20,4.072163149454355
HLA-B*14:02(C67S),8,0.0662784774225606,0.021274112819263127,20,3.3857780976955527
HLA-B*14:02(C67S),9,0.01845884687886365,0.0032296203284570783,8,1.8285139314922358
HLA-B*15:01,1,0.10756500824997076,0.08907390206408783,20,3.8649140093876926
HLA-B*15:01,2,0.13198305005648225,0.11847815605801239,15,3.069955762606074
HLA-B*15:01,3,0.0629212065981454,0.04480682377400252,20,3.8959222790969203
HLA-B*15:01,4,0.03599563399657444,0.01772848153478513,20,4.0736585430411765
HLA-B*15:01,5,0.03473889348338568,0.016296992395426497,20,4.130504326334459
HLA-B*15:01,6,0.048763245481289706,0.02899920724207594,20,4.069804958286651
HLA-B*15:01,7,0.04542134529341615,0.028111699985072403,20,4.051076401642989
HLA-B*15:01,8,0.04693157268978434,0.03013725360165504,20,3.8432981655121186
HLA-B*15:01,9,0.05406553097702774,0.04531494137146966,10,1.9800123611208797
HLA-B*15:02,1,0.13715676038455288,0.0958576950894359,17,3.424676872776163
HLA-B*15:02,2,0.25204657336691083,0.22694911715756913,10,2.9671870947576378
HLA-B*15:02,3,0.09331338905419496,0.04346508711545054,17,3.5822713881953696
HLA-B*15:02,4,0.07144275661716176,0.024562648651857644,20,3.921141034071326
HLA-B*15:02,5,0.05840998962017317,5.775513812286692e-05,20,3.949476197651158
HLA-B*15:02,6,0.09966867972811336,0.05063076052752768,20,3.848076921519471
HLA-B*15:02,7,0.07084862733332199,0.01529696028674419,20,3.8530476879552835
HLA-B*15:02,8,0.051428021616294124,0.0025508309217016426,17,3.3874920069374714
HLA-B*15:02,9,0.08134362424909147,0.06168322010498619,8,1.9187763289421025
HLA-B*15:10,1,0.058917342873627966,0.013616737514108246,19,3.596311633197492
HLA-B*15:10,2,0.20298148207223998,0.16535009546440954,14,3.079108576165688
HLA-B*15:10,3,0.08205779716912852,0.03718696949412276,18,3.8599567378452173
HLA-B*15:10,4,0.059128073124769365,0.010291242103957973,20,4.063364091512635
HLA-B*15:10,5,0.06398171653876371,0.009173860468801594,20,4.127152312722901
HLA-B*15:10,6,0.09145390672533693,0.04072198257519403,19,4.071749108768508
HLA-B*15:10,7,0.07229005774567551,0.019842124677872955,20,4.0617645819634625
HLA-B*15:10,8,0.059161449192498994,0.00898346083505737,20,3.399623398686596
HLA-B*15:10,9,0.05950598414334468,0.04237729309216087,6,1.3453775270168031
HLA-B*15:17,1,0.10013119587861129,0.04924618233698494,19,3.54111376541819
HLA-B*15:17,2,0.14247315368670962,0.11463029722881783,11,2.1265971196256412
HLA-B*15:17,3,0.0990855721376989,0.05076236860342023,20,3.8019108573983234
HLA-B*15:17,4,0.0861985529028454,0.03745018211659101,19,4.001474488968277
HLA-B*15:17,5,0.09752079179407618,0.047366265403960904,20,4.1288877377661315
HLA-B*15:17,6,0.0812963092584676,0.025438902768407684,20,4.112374340405941
HLA-B*15:17,7,0.1267334426294612,0.07025689653989203,20,4.082553438282348
HLA-B*15:17,8,0.12557044039756352,0.07702167301918589,20,4.0747493752346955
HLA-B*15:17,9,0.19164167144277772,0.1811163310653386,6,2.083647286325256
HLA-B*18:01,1,0.25747379430018197,0.20429891760533245,20,4.054823488910531
HLA-B*18:01,2,0.014973145011979059,0.0028227060232991746,5,0.7335588363157688
HLA-B*18:01,3,0.04958354252058566,-0.008909375774648162,20,4.024230769718536
HLA-B*18:01,4,0.08936157605942996,0.034767902352485204,20,4.118942306095322
HLA-B*18:01,5,0.11100045164438346,0.06393900701586061,20,4.055796928783079
HLA-B*18:01,6,0.04187911480572656,-0.018348019278370965,20,4.089802057848785
HLA-B*18:01,7,0.07902941134395583,0.030244226937001933,20,4.10954402244238
HLA-B*18:01,8,0.10021448962147571,0.040785982821755905,20,3.956037109505807
HLA-B*18:01,9,0.09153761833243852,0.07146957796747502,10,2.265400463466707
HLA-B*27:02,1,0.0696137849278017,0.020169411092701497,18,3.357918724060318
HLA-B*27:02,2,0.06468425096150382,0.04244487509344815,9,1.1907568607355963
HLA-B*27:02,3,0.08394496302160953,0.03590420708398217,19,3.805286975611051
HLA-B*27:02,4,0.09197253560750916,0.03856724249368689,20,4.083468335592537
HLA-B*27:02,5,0.047599892455505874,-0.00904993117600647,20,4.152718415256831
HLA-B*27:02,6,0.06972398992299657,0.017938880352269995,20,4.0691715711067475
HLA-B*27:02,7,0.07552472562862741,0.018179021120769252,20,4.034063153368062
HLA-B*27:02,8,0.09600700611870158,0.049942621045059074,20,3.9833012347821573
HLA-B*27:02,9,0.42306891458111384,0.37412268219299516,17,3.006861080344133
HLA-B*27:03,1,0.14411837924842016,0.0977665571831133,18,3.359225771428237
HLA-B*27:03,2,0.16859938054907112,0.144162899936979,9,1.1823542484303957
HLA-B*27:03,3,0.06697070562592715,0.013088524920238306,19,3.8122773000052925
HLA-B*27:03,4,0.06349945007120042,0.012377500837711768,20,4.07898831779284
HLA-B*27:03,5,0.08068291937003098,0.024900235572895127,20,4.120094388634581
HLA-B*27:03,6,0.0530704062865176,0.0033423475117292656,20,4.056907612908186
HLA-B*27:03,7,0.05828546337461745,0.010273431447908724,20,4.046345434361346
HLA-B*27:03,8,0.07654910751136373,0.025242442476642257,20,4.015840548314597
HLA-B*27:03,9,0.26715719079516226,0.2285819784007614,16,2.9438525932301403
HLA-B*27:05,1,0.09552716528102942,0.04966717274321554,18,3.366661109852824
HLA-B*27:05,2,0.1039731220547092,0.08251227384487879,10,1.2734022496501458
HLA-B*27:05,3,0.0855536464829246,0.028602772881564945,20,3.9552800435912148
HLA-B*27:05,4,0.06191794093167243,0.007585768301556772,20,4.050397365509342
HLA-B*27:05,5,0.0591963987434404,0.009360392006982146,19,4.074481221244639
HLA-B*27:05,6,0.07862503723388722,0.03022137081045595,20,4.078539794132394
HLA-B*27:05,7,0.06034467892755366,0.010597473533514729,20,4.008763072753718
HLA-B*27:05,8,0.04242386482624439,-0.004423725078593212,20,4.065367938274605
HLA-B*27:05,9,0.22184764355580078,0.16329947998302188,19,3.1372751438371766
HLA-B*27:20,1,0.09562437829408338,0.053072541642396207,18,3.3284761871205255
HLA-B*27:20,2,0.02344042954939691,0.0031360566362719014,9,1.1823542484303957
HLA-B*27:20,3,0.12214196888959897,0.07330723030379754,19,3.803301510464132
HLA-B*27:20,4,0.050284874423580386,-0.0030651910462979326,20,4.063778821252476
HLA-B*27:20,5,0.05547722417096099,0.0028555458342412396,20,4.143849899765546
HLA-B*27:20,6,0.06153274046025022,0.01833152338299658,20,4.069086869670489
HLA-B*27:20,7,0.07224474520343402,0.020370353752637897,20,4.063736830440361
HLA-B*27:20,8,0.09062605329996425,0.038469531084324354,20,3.9824036958875717
HLA-B*27:20,9,0.3585338170140515,0.3130744425032467,17,2.973465870274595
HLA-B*35:01,1,0.08155733935579157,0.05457582203616497,20,3.8511502217771
HLA-B*35:01,2,0.184101961358882,0.1647476310550347,15,2.344890571230226
HLA-B*35:01,3,0.06169224172599703,0.03352643806561542,20,3.9150459319970357
HLA-B*35:01,4,0.033169874465451374,0.006286457800787678,20,4.1590125831628315
HLA-B*35:01,5,0.041732571103718565,0.012393135291679309,20,4.139863317360101
HLA-B*35:01,6,0.07732844313590517,0.05005450019584723,20,4.0063465569997305
HLA-B*35:01,7,0.05416238855037932,0.024258439703472787,20,4.030468837040128
HLA-B*35:01,8,0.02815837238868176,5.025705964757654e-05,20,3.5642781695096084
HLA-B*35:01,9,0.10318208043943747,0.08395477025292788,12,2.8017748643536606
HLA-B*35:03,1,0.11749114973250424,0.06719322563656756,18,3.6821722902243925
HLA-B*35:03,2,0.04969658756916184,0.0347606924528647,7,0.7002548514655058
HLA-B*35:03,3,0.17691449592842784,0.12755062652174115,20,3.7469410737215982
HLA-B*35:03,4,0.05369735002043677,0.005132721443407408,20,4.224261328284289
HLA-B*35:03,5,0.07501636556148467,0.019839869376675902,20,4.108333245436007
HLA-B*35:03,6,0.09660623856117437,0.052173931695687265,20,3.9074564044743596
HLA-B*35:03,7,0.059579864797737005,0.005578018934661547,20,3.931008592193623
HLA-B*35:03,8,0.07244652657691286,0.017193459550450985,20,3.423076406436685
HLA-B*35:03,9,0.1546819695477636,0.12488698283294836,11,2.552667998171847
HLA-B*39:01,1,0.048157981123814926,0.019190834560490196,19,3.7525219270102927
HLA-B*39:01,2,0.21080112948017982,0.18632335113505455,18,3.405366005381233
HLA-B*39:01,3,0.04165913327602413,0.015713508909446214,20,3.9784652723669796
HLA-B*39:01,4,0.019220052883487344,-0.012396797562769565,20,4.131483103269324
HLA-B*39:01,5,0.030405057256981644,0.0045469696928153724,20,4.148593877765224
HLA-B*39:01,6,0.04153098137901366,0.015768861856167878,19,4.08752432389555
HLA-B*39:01,7,0.028953261689147983,-0.0013072962486814534,20,4.13772199469248
HLA-B*39:01,8,0.06577281376749565,0.036553926503055514,20,3.6240753883317236
HLA-B*39:01,9,0.053370798349933114,0.034646869469064756,11,1.625166417005626
HLA-B*39:02,1,0.22333390248523602,0.178679427755184,19,3.608982148427071
HLA-B*39:02,2,0.40269211906450697,0.3623134740168343,15,3.0923044234243244
HLA-B*39:02,3,0.04400390875018087,-0.003508922822371134,18,3.8617753646330937
HLA-B*39:02,4,0.047257308776589874,-0.004638889392260939,20,4.053572970917471
HLA-B*39:02,5,0.06574999881784788,0.013659793667289519,20,4.107271272727572
HLA-B*39:02,6,0.07362278755212169,0.022435447161016142,19,4.088389369672984
HLA-B*39:02,7,0.07767394137504345,0.021040957733715837,20,4.080193951853258
HLA-B*39:02,8,0.0596153183076744,0.008572330736545453,20,3.3908979466402243
HLA-B*39:02,9,0.04148387697419007,0.028425596941269803,7,1.3671040830589276
HLA-B*39:06(C67S),1,0.054257231910700254,0.003144018687542459,19,3.6234822086510863
HLA-B*39:06(C67S),2,0.01001268482574825,-0.015593046879843002,15,3.093907483164638
HLA-B*39:06(C67S),3,0.0319302832458041,-0.0045207438284300405,18,3.8584575553096996
HLA-B*39:06(C67S),4,0.03253755144049746,-0.01417664294777568,20,4.046964927741098
HLA-B*39:06(C67S),5,0.060903496213494106,0.011540974538574049,20,4.109313540649351
HLA-B*39:06(C67S),6,0.047712765005181144,-0.006002991273515189,19,4.08420172230386
HLA-B*39:06(C67S),7,0.04274787617538552,-0.019165343653233295,20,4.071158064269454
HLA-B*39:06(C67S),8,0.027936382717967174,-0.03328288410085383,20,3.384072334350014
HLA-B*39:06(C67S),9,0.37966840029522303,0.36465027942054684,7,1.364264472314501
HLA-B*39:10,1,0.15035099519814293,0.10423446770226978,18,3.6934152784985574
HLA-B*39:10,2,0.18240636007326896,0.16642932424493836,7,0.6734629339874155
HLA-B*39:10,3,0.33587218929126056,0.2866279978122088,20,3.7493820471825345
HLA-B*39:10,4,0.03448320664483749,-0.02428091093187243,20,4.2176763324855555
HLA-B*39:10,5,0.047008455643626545,-0.004384975925724045,20,4.110058152046752
HLA-B*39:10,6,0.04869883482546765,0.0036152677143146406,20,3.916767208609842
HLA-B*39:10,7,0.043861033420002964,-0.01166907857087069,20,3.9225991471312285
HLA-B*39:10,8,0.06828751655639966,0.020539413692623666,20,3.40841536760508
HLA-B*39:10,9,0.09603009368341577,0.06833867192656304,11,2.5229572928470683
HLA-B*40:01,1,0.22063054507963425,0.1557445214753728,20,3.994180036884464
HLA-B*40:01,2,0.2419868486106408,0.19926945660770656,14,0.8500817165647974
HLA-B*40:01,3,0.09282276427853013,0.029765360083196815,20,4.149626300081778
HLA-B*40:01,4,0.05347741236404391,-0.00617869590168231,20,4.136945839021771
HLA-B*40:01,5,0.05161940332293826,-0.008607376691891745,20,3.9627766516936456
HLA-B*40:01,6,0.08089521671864833,0.014216384551733963,20,4.159790895284891
HLA-B*40:01,7,0.09643021354875661,0.03703731606400384,20,4.0590811177345705
HLA-B*40:01,8,0.11288369176004467,0.04963501112017164,20,4.077355115008517
HLA-B*40:01,9,0.08504167140662246,0.06145562367956649,9,1.9458671546339623
HLA-B*41:01,1,0.07196928497535286,0.030897552840201875,20,4.029365671709213
HLA-B*41:01,2,0.0039597557969655245,-0.004588190934414603,4,0.7641062659791418
HLA-B*41:01,3,0.1037774001522084,0.0497038252687979,20,4.01821524381692
HLA-B*41:01,4,0.03818851008077809,-0.014230583645902677,20,4.105083421859957
HLA-B*41:01,5,0.05152485992601926,0.00042149496446920037,20,4.084546347286577
HLA-B*41:01,6,0.11257633283195041,0.05814837976798614,20,4.072300692211418
HLA-B*41:01,7,0.06417245138077349,0.012516561917839251,20,4.1173476640569815
HLA-B*41:01,8,0.06291057820146202,0.010768752421993016,20,3.9611377767742972
HLA-B*41:01,9,0.44388164616825854,0.4178422801487263,10,2.263629365069795
HLA-B*42:01,1,0.17180206124601932,0.12364092375154193,18,3.6869989074806555
HLA-B*42:01,2,0.14031741957790259,0.12689281860090362,5,0.6144340192528163
HLA-B*42:01,3,0.22491453015491022,0.16859986276024838,20,3.7028339546428763
HLA-B*42:01,4,0.10914686833913173,0.04704944133187009,20,4.214030871373835
HLA-B*42:01,5,0.09753738242765658,0.03756521363891964,20,4.102477277770104
HLA-B*42:01,6,0.12613150764622208,0.06970079169622119,20,3.8910012976227173
HLA-B*42:01,7,0.07426393569557886,0.01704931540752782,20,3.942428765107289
HLA-B*42:01,8,0.11822523822166875,0.059454312890914275,20,3.377170313712952
HLA-B*42:01,9,0.10076281397999087,0.07445431226632994,10,2.5183955360845434
HLA-B*42:02,1,0.20466902514325097,0.16169284677782125,18,3.7006884024037103
HLA-B*42:02,2,0.06656929285459855,0.05101279340318853,7,0.6316722650338538
HLA-B*42:02,3,0.26052744024838465,0.20966419839152103,20,3.7355622775631225
HLA-B*42:02,4,0.06745055082659848,0.017115976941885797,20,4.224044736080858
HLA-B*42:02,5,0.04608164972982561,0.00064785687809394,20,4.102686490531987
HLA-B*42:02,6,0.07299573673388238,0.022880967894001326,20,3.908929630073152
HLA-B*42:02,7,0.059633646175705726,0.005313327982942408,20,3.929456285555054
HLA-B*42:02,8,0.1406804011369504,0.08672996150759363,20,3.404130966241661
HLA-B*42:02,9,0.1300323298302371,0.10432027194053439,11,2.523380149249245
HLA-B*44:05,1,0.24580652833309044,0.18864636240247984,20,4.008777073837859
HLA-B*44:05,2,0.09303432861970558,0.08297746987201922,4,0.7041884698686505
HLA-B*44:05,3,0.1248012101251813,0.07839695031757588,20,4.015666393668068
HLA-B*44:05,4,0.05959446699596837,0.00909131248788108,20,4.095496210435978
HLA-B*44:05,5,0.05708980422971994,0.004293504646291163,20,4.087221685632515
HLA-B*44:05,6,0.03396088845182981,-0.01967291086713932,20,4.057942625974685
HLA-B*44:05,7,0.09190635102322103,0.027621714897902952,20,4.12953093493135
HLA-B*44:05,8,0.08350019576004476,0.02693458422022156,20,3.990261043697878
HLA-B*44:05,9,0.10334621280165636,0.08015699445657354,10,2.228792197811996
HLA-B*45:01,1,0.24929065651603452,0.1979274660126119,20,4.09449430640138
HLA-B*45:01,2,0.02158819129073926,0.010551639951655391,5,0.9472821912938438
HLA-B*45:01,3,0.11971082261120553,0.07184966707968385,20,4.05378545466693
HLA-B*45:01,4,0.055244348092628806,0.0071993901551115,20,4.14594744391121
HLA-B*45:01,5,0.05825525372821503,0.011442279980908736,20,4.104295596373746
HLA-B*45:01,6,0.10540675185743835,0.051051418126140065,20,4.112412262529462
HLA-B*45:01,7,0.07057747663388467,0.02177137267166434,20,4.12114287504255
HLA-B*45:01,8,0.03517542952971243,-0.01773256441754653,20,3.995636454495411
HLA-B*45:01,9,0.362250281723165,0.338957911131363,10,2.3104695861787334
HLA-B*46:01,1,0.11083540457307112,0.06750758246971238,18,3.4749226371229036
HLA-B*46:01,2,0.08229176878412821,0.052323134166667375,11,2.9851063168070087
HLA-B*46:01,3,0.09681822903563923,0.04477879769047509,18,3.6128630101602153
HLA-B*46:01,4,0.05506312994856347,0.0028415629742874413,20,3.9050390874880545
HLA-B*46:01,5,0.0487972936671561,-0.003962473519559577,20,3.9403908234733453
HLA-B*46:01,6,0.05753038007187227,0.000251454198365704,20,3.8589533913666054
HLA-B*46:01,7,0.09652627692125151,0.040944311195910146,20,3.8588687401868507
HLA-B*46:01,8,0.10496275484505699,0.05964063454020735,18,3.431438752065483
HLA-B*46:01,9,0.046812751599588656,0.029501360046893313,8,1.9049332143475501
HLA-B*51:01,1,0.14765333852223173,0.09087174648354476,18,3.684341349647629
HLA-B*51:01,2,0.026742221592171735,0.009791820143122892,7,0.6960566888260676
HLA-B*51:01,3,0.14136614878260576,0.0903072090685269,20,3.747679638149954
HLA-B*51:01,4,0.0553427447566213,-0.0018750888484698192,20,4.21309958110819
HLA-B*51:01,5,0.06277235152092764,0.011035349256481718,20,4.099306897721469
HLA-B*51:01,6,0.042333069708993074,-0.01250731806669464,20,3.8991072769146964
HLA-B*51:01,7,0.08044943329336784,0.02350605395143164,20,3.9285685222940603
HLA-B*51:01,8,0.0947067703658267,0.04118904628160832,19,3.338760231998848
HLA-B*51:01,9,0.44529995350145346,0.41511615143800407,11,2.544168646510459
HLA-B*54:01,1,0.12290625732383038,0.07780205142540561,17,3.6637375270097348
HLA-B*54:01,2,0.00982402813168445,-0.0036768487344363172,7,0.6639727841539205
HLA-B*54:01,3,0.0604438419265025,-0.0012140657731061766,20,3.719587633667546
HLA-B*54:01,4,0.08939277847611593,0.032084623250557345,20,4.216501947860398
HLA-B*54:01,5,0.047063452281495104,-0.005971115770548506,20,4.095413805135424
HLA-B*54:01,6,0.0766762875081664,0.019509401258435255,20,3.8951603630793405
HLA-B*54:01,7,0.14926434939195649,0.0978621295440529,20,3.9331766410405327
HLA-B*54:01,8,0.0717195771480816,0.011177303086374636,20,3.4300819055203715
HLA-B*54:01,9,0.5183801096135199,0.49425479607563766,11,2.543979594640127
HLA-B*55:01,1,0.11170164746310803,0.06477842343288617,18,3.702873288834624
HLA-B*55:01,2,0.044784285389185226,0.031965457095056285,7,0.6882291584706846
HLA-B*55:01,3,0.029859514156587254,-0.0224653702243855,20,3.7145202483499924
HLA-B*55:01,4,0.07912380410399905,0.02610745187845718,20,4.222431454598864
HLA-B*55:01,5,0.07491220355818734,0.02969587265001767,20,4.1030258306118865
HLA-B*55:01,6,0.07543843665053948,0.026089851726472428,20,3.9111972934966612
HLA-B*55:01,7,0.09834011345561426,0.04712795396251937,20,3.9368766085044253
HLA-B*55:01,8,0.06204348731645163,0.012034130314593272,20,3.4029902140561124
HLA-B*55:01,9,0.5660524256742847,0.5383933368608697,11,2.5388863808576216
HLA-B*56:01,1,0.08039772078060517,0.034208183241655796,18,3.689616032494816
HLA-B*56:01,2,0.05133992757591958,0.04129019873504953,6,0.6248776138837587
HLA-B*56:01,3,0.037090540597390795,-0.00979390767668998,19,3.736649083380415
HLA-B*56:01,4,0.06747028701623618,0.010013433703956687,20,4.2190519895800875
HLA-B*56:01,5,0.04815202507348788,-0.0042782413660014465,20,4.089993056536986
HLA-B*56:01,6,0.0496946519226345,0.0007870813882774469,20,3.9168845270767148
HLA-B*56:01,7,0.12078077642510607,0.06155628342145646,20,3.9422315431508754
HLA-B*56:01,8,0.05432950339989745,0.004379628864402456,20,3.452271561957077
HLA-B*56:01,9,0.6207958903669771,0.5937371446529697,11,2.5334788031718247
HLA-B*57:01,1,0.22720511140507546,0.17484441676272278,19,3.564589519845938
HLA-B*57:01,2,0.06487819953354299,0.03546590227237441,11,2.1297205992214496
HLA-B*57:01,3,0.07707711218216917,0.023870569243710525,19,3.8023868498937223
HLA-B*57:01,4,0.07197888445392499,0.01775355678446238,20,4.031527482086192
HLA-B*57:01,5,0.04725421736380652,-0.005904743675446064,20,4.112744782121575
HLA-B*57:01,6,0.07152896426011165,0.013798595571729938,20,4.104458412970406
HLA-B*57:01,7,0.13747082401690974,0.08395516637836396,20,4.069551471619583
HLA-B*57:01,8,0.1002272409012519,0.04278197977284591,20,4.069947335218764
HLA-B*57:01,9,0.10096446422089063,0.08318027526334426,6,2.049393320536186
HLA-B*57:02,1,0.19006867329582763,0.13769805050549938,19,3.5407637804929486
HLA-B*57:02,2,0.055177551475877086,0.02824191800611152,11,2.1251259106804268
HLA-B*57:02,3,0.15419760074742403,0.10256115947244157,20,3.8408795471787163
HLA-B*57:02,4,0.10213654800196162,0.04928899736320187,20,4.011980443148845
HLA-B*57:02,5,0.15783488303441323,0.10261447471581898,20,4.123400172030316
HLA-B*57:02,6,0.04599998690709427,-0.012864833641765987,20,4.105849698036012
HLA-B*57:02,7,0.1149198031930505,0.06287035152604131,20,4.087760301042192
HLA-B*57:02,8,0.08129321007523523,0.027983682192592445,20,4.086351765879885
HLA-B*57:02,9,0.10831060115178674,0.09296837528980269,6,2.063060049725692
HLA-B*57:03,1,0.2669823240365801,0.21456497208909742,19,3.5446284480552843
HLA-B*57:03,2,0.15371774528460655,0.12808605985449747,11,2.1219799839958604
HLA-B*57:03,3,0.05419573648393167,-0.006247012907868318,20,3.843487717058018
HLA-B*57:03,4,0.03726623746561682,-0.010479782377032003,20,4.013700482348373
HLA-B*57:03,5,0.09887101146836222,0.04717542508627841,20,4.123518930491324
HLA-B*57:03,6,0.022198671734478027,-0.030245349782779176,20,4.123110864882107
HLA-B*57:03,7,0.11704131639227403,0.06467014911597659,20,4.081104852933039
HLA-B*57:03,8,0.09485044877815224,0.047764789925602,20,4.082507325288867
HLA-B*57:03,9,0.10641235102106432,0.09583977440522186,6,2.0819881850583566
HLA-B*58:01,1,0.16375426371470145,0.12346302313886072,19,3.624705891597358
HLA-B*58:01,2,0.037326197452489995,0.011272141073689852,12,2.2923861490929798
HLA-B*58:01,3,0.09972176345600026,0.047522894618385825,20,3.966356922528602
HLA-B*58:01,4,0.0672674434478374,0.022620520723932475,20,4.05506752496197
HLA-B*58:01,5,0.06602934333317338,0.01728668569421729,20,4.14640530399363
HLA-B*58:01,6,0.029402138961573263,-0.020446747202535597,20,4.1494231551999095
HLA-B*58:01,7,0.058672951948197494,0.012362579241950729,20,4.060309322756231
HLA-B*58:01,8,0.07846170799748302,0.03066903723586127,20,4.17073086959223
HLA-B*58:01,9,0.17986784080327461,0.16018945641139354,8,2.096352598671719
HLA-B*81:01,1,0.0989009343528695,0.05047117004817498,18,3.7177598147551167
HLA-B*81:01,2,0.052820457926504645,0.04241434320871467,7,0.6043529713040918
HLA-B*81:01,3,0.133778318573243,0.08616869854330242,20,3.7076556973325765
HLA-B*81:01,4,0.04277988275197911,-0.00672542889684534,20,4.219655754804006
HLA-B*81:01,5,0.08500283811943893,0.03413604102263625,20,4.100178863403411
HLA-B*81:01,6,0.045784387275987944,0.001713503271718729,20,3.9130031103089795
HLA-B*81:01,7,0.09954941705661959,0.050412533252104874,20,3.92316951294847
HLA-B*81:01,8,0.06457110486953717,0.010113020702183478,20,3.4125130717248373
HLA-B*81:01,9,0.22986483857780282,0.20598672998387843,11,2.517020949552453
