allele,fit_rows,cap,measured_avail,predicted_avail,n_matched,n_predicted_full
HLA-B*15:01,661,165,1007,2118,165,165
HLA-A*02:01,652,163,2084,891,163,163
HLA-A*03:01,527,131,1609,1577,131,131
HLA-B*35:01,435,108,817,6332,108,108
HLA-B*39:01,423,105,925,18849,105,105
HLA-B*07:02,417,104,946,2926,104,104
HLA-A*24:02,355,88,786,1866,88,88
HLA-A*11:01,345,86,1078,1093,86,86
HLA-A*24:03,323,80,554,6608,80,80
HLA-B*08:01,296,74,721,5386,74,74
HLA-B*58:01,246,61,779,299,61,61
HLA-B*35:03,247,61,100,20515,61,61
HLA-A*68:01,238,59,461,5199,59,59
HLA-A*02:03,237,59,1493,8799,59,59
HLA-A*30:01,239,59,621,1105,59,59
HLA-B*27:03,237,59,671,18455,59,59
HLA-A*02:11,237,59,484,6116,59,59
HLA-A*23:01,236,59,865,9275,59,59
HLA-A*29:02,233,58,865,11954,58,58
HLA-A*31:01,235,58,1020,1331,58,58
HLA-B*45:01,234,58,305,27054,58,58
HLA-A*25:01,231,57,656,9760,57,57
HLA-A*02:16,231,57,511,7248,57,57
HLA-B*51:01,231,57,1125,6518,57,57
HLA-A*30:02,228,57,408,2116,57,57
HLA-A*02:12,231,57,596,5842,57,57
HLA-B*54:01,230,57,328,12688,57,57
HLA-B*08:03,224,56,285,6753,56,56
HLA-B*18:01,225,56,1308,12415,56,56
HLA-B*15:17,225,56,708,4155,56,56
HLA-B*27:05,220,55,786,3264,55,55
HLA-A*80:01,220,55,729,14836,55,55
HLA-B*46:01,223,55,1149,14923,55,55
HLA-A*02:19,221,55,700,7691,55,55
HLA-A*26:02,217,54,257,6268,54,54
HLA-B*57:01,216,54,1387,9104,54,54
HLA-A*26:03,213,53,290,5679,53,53
HLA-B*40:01,189,47,795,3244,47,47
HLA-B*42:01,231,57,45,1445,45,57
HLA-A*26:01,164,41,1788,7747,41,41
HLA-A*01:01,139,34,1361,1659,34,34
HLA-A*02:50,234,58,30,3870,30,58
HLA-B*15:02,215,53,19,871,19,53
HLA-A*02:10,232,58,13,1450,13,58
HLA-A*66:01,242,60,11,3362,11,60
HLA-B*27:02,227,56,9,3498,9,56
HLA-A*32:01,27,6,196,9892,6,6
HLA-B*40:02,16,4,210,16152,4,4
HLA-A*68:02,10,2,1480,14334,2,2
HLA-A*02:05,10,2,6,5980,2,2
HLA-A*69:01,9,2,1049,3310,2,2
HLA-B*44:05,224,56,0,177,0,56
HLA-A*24:19,234,58,0,1351,0,58
HLA-A*24:07,215,53,0,3308,0,53
HLA-B*14:02(C67S),247,61,0,8971,0,61
HLA-B*55:01,248,62,0,4974,0,62
HLA-A*32:07,226,56,0,6440,0,56
HLA-B*56:01,241,60,0,4774,0,60
HLA-B*57:02,226,56,0,693,0,56
HLA-B*57:03,228,57,0,667,0,57
HLA-B*42:02,249,62,0,312,0,62
HLA-A*33:03,226,56,0,3018,0,56
HLA-B*41:01,232,58,0,9043,0,58
HLA-B*14:01(C67S),240,60,0,8971,0,60
HLA-B*39:10,247,61,0,12029,0,61
HLA-B*39:06(C67S),236,59,0,15120,0,59
HLA-B*39:02,234,58,0,5200,0,58
HLA-A*43:01,223,55,0,5967,0,55
HLA-B*35:08,17,4,0,5260,0,4
HLA-B*27:20,238,59,0,67,0,59
HLA-A*68:23,234,58,0,676,0,58
HLA-A*74:01,220,55,0,1371,0,55
HLA-B*13:02,5,1,0,956,0,1
HLA-B*15:10,228,57,0,844,0,57
HLA-B*81:01,242,60,0,4770,0,60
