arm,group,lambda_aff,l2,ladder_min,ladder_max,rho_mean_x,rho_spread,selected_l2,rho_mean_y,interior_with_head
additive,onehot,0.0,0.001,0.001,0.1,0.5551,0.0907,0.01,0.6113,True
additive,onehot,0.0,0.01,0.001,0.1,0.6113,0.0568,0.01,0.6113,True
additive,onehot,0.0,0.1,0.001,0.1,0.5791,0.0192,0.01,0.6113,True
additive,onehot,3.0,0.001,0.001,0.1,0.4772,0.0521,0.01,0.6212,True
additive,onehot,3.0,0.01,0.001,0.1,0.6212,0.033,0.01,0.6212,True
additive,onehot,3.0,0.1,0.001,0.1,0.5855,0.0327,0.01,0.6212,True
additive,blosum,0.0,0.001,0.001,0.1,0.565,0.022,0.01,0.5959,True
additive,blosum,0.0,0.01,0.001,0.1,0.5959,0.0256,0.01,0.5959,True
additive,blosum,0.0,0.1,0.001,0.1,0.5651,0.0292,0.01,0.5959,True
additive,blosum,3.0,0.001,0.001,0.1,0.5018,0.075,0.01,0.6158,True
additive,blosum,3.0,0.01,0.001,0.1,0.6158,0.0252,0.01,0.6158,True
additive,blosum,3.0,0.1,0.001,0.1,0.5767,0.0045,0.01,0.6158,True
