allele,n_ligands,n_decoys,auroc,auprc,auprc_baseline,precision_top_1pct,enrichment_top_1pct,precision_top_10pct,enrichment_top_10pct
HLA-A*01:01,2000,20000,0.8516,0.4278,0.0909,0.7,7.7,0.4355,4.79
HLA-A*02:01,2000,20000,0.8731,0.5104,0.0909,0.8182,9.0,0.4864,5.35
HLA-A*02:03,2000,20000,0.9424,0.6001,0.0909,0.7682,8.45,0.5741,6.315
HLA-A*02:05,2000,20000,0.7549,0.2165,0.0909,0.3136,3.45,0.2482,2.73
HLA-A*02:11,1394,13940,0.8425,0.41,0.0909,0.634,6.974,0.426,4.686
HLA-A*03:01,2000,20000,0.9226,0.6665,0.0909,0.8909,9.8,0.6059,6.665
HLA-A*11:01,2000,20000,0.9409,0.6851,0.0909,0.8318,9.15,0.6518,7.17
HLA-A*23:01,1818,18180,0.9639,0.7271,0.0909,0.8,8.8,0.706,7.766
HLA-A*24:02,2000,20000,0.965,0.8566,0.0909,0.9682,10.65,0.7636,8.4
HLA-A*24:07,951,9510,0.9675,0.746,0.0909,0.8762,9.638,0.696,7.656
HLA-A*25:01,1433,14330,0.943,0.7191,0.0909,0.9051,9.956,0.6472,7.119
HLA-A*26:01,1644,16440,0.9286,0.6406,0.0909,0.884,9.724,0.589,6.48
HLA-A*29:02,1210,12100,0.8314,0.3221,0.0909,0.4135,4.549,0.3629,3.992
HLA-A*30:01,1771,17710,0.8766,0.4967,0.0909,0.7385,8.123,0.4954,5.449
HLA-A*30:02,1133,11330,0.6436,0.1229,0.0909,0.016,0.176,0.1003,1.104
HLA-A*31:01,1611,16110,0.9629,0.734,0.0909,0.8701,9.571,0.6958,7.654
HLA-A*32:01,1495,14950,0.8894,0.5263,0.0909,0.7622,8.384,0.5116,5.627
HLA-A*33:03,1554,15540,0.9515,0.6638,0.0909,0.8012,8.813,0.6419,7.061
HLA-A*66:01,1221,12210,0.9526,0.6873,0.0909,0.806,8.866,0.6426,7.069
HLA-A*68:01,2000,20000,0.9558,0.6672,0.0909,0.7909,8.7,0.63,6.93
HLA-A*68:02,1381,13810,0.8345,0.2616,0.0909,0.3092,3.401,0.2857,3.143
HLA-A*69:01,616,6160,0.7888,0.1951,0.0909,0.1471,1.618,0.1873,2.06
HLA-A*74:01,1210,12100,0.9668,0.7912,0.0909,0.8947,9.842,0.7235,7.959
HLA-B*07:02,2000,20000,0.9358,0.7061,0.0909,0.9318,10.25,0.6282,6.91
HLA-B*08:01,2000,20000,0.9109,0.5184,0.0909,0.7227,7.95,0.5032,5.535
HLA-B*13:02,2000,20000,0.7547,0.2024,0.0909,0.2455,2.7,0.2405,2.645
HLA-B*15:01,2000,20000,0.8882,0.5145,0.0909,0.7864,8.65,0.4995,5.495
HLA-B*15:02,1629,16290,0.8829,0.4309,0.0909,0.6369,7.006,0.4375,4.812
HLA-B*15:10,1174,11740,0.9678,0.8099,0.0909,0.9612,10.574,0.7095,7.805
HLA-B*15:17,1327,13270,0.8904,0.458,0.0909,0.6438,7.082,0.4616,5.078
HLA-B*18:01,2000,20000,0.8308,0.2802,0.0909,0.3909,4.3,0.3041,3.345
HLA-B*27:05,2000,20000,0.9657,0.8189,0.0909,0.9864,10.85,0.7086,7.795
HLA-B*35:01,1349,13490,0.9106,0.4723,0.0909,0.6149,6.764,0.4852,5.337
HLA-B*35:03,2000,20000,0.934,0.6691,0.0909,0.9091,10.0,0.6068,6.675
HLA-B*35:08,408,4080,0.915,0.4597,0.0909,0.6,6.6,0.4833,5.316
HLA-B*39:01,2000,20000,0.9498,0.6287,0.0909,0.7364,8.1,0.6132,6.745
HLA-B*40:01,2000,20000,0.8673,0.3265,0.0909,0.3182,3.5,0.3782,4.16
HLA-B*40:02,2000,20000,0.8083,0.247,0.0909,0.2409,2.65,0.2936,3.23
HLA-B*41:01,101,1010,0.9471,0.6148,0.0909,0.9091,10.0,0.5586,6.144
HLA-B*42:01,2000,20000,0.9281,0.5566,0.0909,0.6864,7.55,0.565,6.215
HLA-B*44:05,1841,18410,0.8548,0.3524,0.0909,0.5025,5.527,0.3847,4.232
HLA-B*45:01,1916,19160,0.9726,0.8031,0.0909,0.9668,10.635,0.703,7.733
HLA-B*46:01,1751,17510,0.8516,0.332,0.0909,0.3575,3.933,0.3863,4.249
HLA-B*51:01,2000,20000,0.9157,0.6305,0.0909,0.95,10.45,0.5327,5.86
HLA-B*54:01,598,5980,0.9782,0.8349,0.0909,0.9394,10.333,0.7523,8.275
HLA-B*55:01,1140,11400,0.9744,0.8329,0.0909,0.928,10.208,0.7624,8.386
HLA-B*56:01,1100,11000,0.9768,0.8468,0.0909,0.9256,10.182,0.757,8.327
HLA-B*57:01,2000,20000,0.8677,0.4386,0.0909,0.6682,7.35,0.4577,5.035
HLA-B*57:03,2000,20000,0.8622,0.3968,0.0909,0.6,6.6,0.4364,4.8
HLA-B*58:01,1862,18620,0.9295,0.6337,0.0909,0.839,9.229,0.6006,6.606
HLA-B*81:01,962,9620,0.8574,0.361,0.0909,0.3868,4.255,0.4225,4.647
