arm,l2,fold,seed,n_features,best_epoch,fit_seconds,member_median_rho
blosum_cross_alone,1e-05,0,0,306,7,34.6,0.2709563600514138
blosum_cross_alone,1e-05,0,1,306,7,32.5,0.3030142134329935
blosum_cross_alone,1e-05,0,2,306,11,36.7,0.27080139892118427
blosum_cross_alone,1e-05,1,0,306,10,43.3,0.30738241317151227
blosum_cross_alone,1e-05,1,1,306,9,42.4,0.31147425120024286
blosum_cross_alone,1e-05,1,2,306,7,61.9,0.3112879802699391
blosum_cross_alone,1e-05,2,0,306,7,46.7,0.26997724398610795
blosum_cross_alone,1e-05,2,1,306,10,47.7,0.3234613360639087
blosum_cross_alone,1e-05,2,2,306,10,39.8,0.2735264424954228
blosum_cross_alone,1e-05,3,0,306,6,31.6,0.2914340209541071
blosum_cross_alone,1e-05,3,1,306,8,38.4,0.32702471177654624
blosum_cross_alone,1e-05,3,2,306,8,36.9,0.25999278839882667
blosum_cross_alone,1e-05,4,0,306,5,28.8,0.2808572271965355
blosum_cross_alone,1e-05,4,1,306,9,33.7,0.35908289973196805
blosum_cross_alone,1e-05,4,2,306,6,35.2,0.2918384260502521
blosum_cross_alone,0.001,0,0,306,12,42.5,0.32573959577899747
blosum_cross_alone,0.001,0,1,306,20,54.4,0.31630554218017526
blosum_cross_alone,0.001,0,2,306,17,60.8,0.33905167275093406
blosum_cross_alone,0.001,1,0,306,13,69.1,0.3484078620339104
blosum_cross_alone,0.001,1,1,306,10,51.5,0.3432114321164423
blosum_cross_alone,0.001,1,2,306,8,55.0,0.3085115218431883
blosum_cross_alone,0.001,2,0,306,26,76.7,0.34924583836032913
blosum_cross_alone,0.001,2,1,306,14,61.0,0.31804678407204173
blosum_cross_alone,0.001,2,2,306,20,72.9,0.32886541070134945
blosum_cross_alone,0.001,3,0,306,19,85.5,0.3413930127941771
blosum_cross_alone,0.001,3,1,306,18,52.6,0.34369010576051884
blosum_cross_alone,0.001,3,2,306,13,42.3,0.29611216193190093
blosum_cross_alone,0.001,4,0,306,10,44.0,0.30264481876334376
blosum_cross_alone,0.001,4,1,306,9,52.9,0.3483069145684642
blosum_cross_alone,0.001,4,2,306,17,59.8,0.3355424478969837
blosum_cross_stacked,1e-05,0,0,1166,12,98.8,0.5442035520116122
blosum_cross_stacked,1e-05,0,1,1166,19,93.2,0.5486477191535328
blosum_cross_stacked,1e-05,0,2,1166,13,75.3,0.5757894757086343
blosum_cross_stacked,1e-05,1,0,1166,10,84.8,0.5182404461101064
blosum_cross_stacked,1e-05,1,1,1166,10,69.1,0.5412730409042801
blosum_cross_stacked,1e-05,1,2,1166,8,72.0,0.5313793266047769
blosum_cross_stacked,1e-05,2,0,1166,12,76.2,0.5402242403313517
blosum_cross_stacked,1e-05,2,1,1166,12,71.2,0.5667249027218029
blosum_cross_stacked,1e-05,2,2,1166,13,75.3,0.5254762081522928
blosum_cross_stacked,1e-05,3,0,1166,11,75.3,0.5511076820850984
blosum_cross_stacked,1e-05,3,1,1166,12,76.5,0.5837202909596284
blosum_cross_stacked,1e-05,3,2,1166,11,82.8,0.5207857212680796
blosum_cross_stacked,1e-05,4,0,1166,15,80.0,0.5365281136229192
blosum_cross_stacked,1e-05,4,1,1166,16,153.2,0.5915311944479602
blosum_cross_stacked,1e-05,4,2,1166,13,158.0,0.48346643684994406
blosum_cross_stacked,0.001,0,0,1166,23,196.3,0.5513208380693781
blosum_cross_stacked,0.001,0,1,1166,24,184.8,0.5598662349173784
blosum_cross_stacked,0.001,0,2,1166,25,89.8,0.5697315486221761
blosum_cross_stacked,0.001,1,0,1166,20,82.1,0.5675680590129892
blosum_cross_stacked,0.001,1,1,1166,31,120.2,0.586259559538189
blosum_cross_stacked,0.001,1,2,1166,8,57.2,0.523573057765055
blosum_cross_stacked,0.001,2,0,1166,16,73.9,0.555249590232791
blosum_cross_stacked,0.001,2,1,1166,14,89.9,0.5767124306578947
blosum_cross_stacked,0.001,2,2,1166,13,96.5,0.5406674224733943
blosum_cross_stacked,0.001,3,0,1166,19,102.4,0.5811752924433011
blosum_cross_stacked,0.001,3,1,1166,20,97.9,0.5904208570497342
blosum_cross_stacked,0.001,3,2,1166,33,129.5,0.5633116934106903
blosum_cross_stacked,0.001,4,0,1166,19,90.5,0.5279245113349347
blosum_cross_stacked,0.001,4,1,1166,29,133.3,0.5772928360197601
blosum_cross_stacked,0.001,4,2,1166,23,103.5,0.5441699188906097
