arm,n_added,assumed_weight,seed,best_epoch,epochs,dev_mse,fit_seconds,median_per_allele_spearman,mae_log1p,median_precision_at_10
measured_only,0,,0,24,39,0.49638,2.54,0.6098,0.5325,0.7
measured_only,0,,1,24,39,0.52192,2.91,0.6252,0.515,0.7
measured_only,0,,2,17,32,0.5163,2.2,0.5937,0.5046,0.7
measured_affinity_w0.1,2910,0.1,0,9,24,0.49627,1.91,0.5989,0.5308,0.7
measured_affinity_w0.1,2910,0.1,1,13,28,0.51918,2.12,0.6151,0.5228,0.7
measured_affinity_w0.1,2910,0.1,2,16,31,0.50399,2.76,0.6157,0.5232,0.7
measured_affinity_w0.25,2910,0.25,0,9,24,0.50053,3.46,0.5989,0.5294,0.7
measured_affinity_w0.25,2910,0.25,1,9,24,0.52114,2.36,0.6253,0.5167,0.7
measured_affinity_w0.25,2910,0.25,2,15,30,0.48199,4.44,0.6375,0.5151,0.7
predicted_affinity_w0.1,2910,0.1,0,18,33,0.49381,3.17,0.6039,0.5057,0.7
predicted_affinity_w0.1,2910,0.1,1,9,24,0.53247,3.73,0.6031,0.5241,0.7
predicted_affinity_w0.1,2910,0.1,2,16,31,0.4915,3.55,0.6181,0.52,0.7
predicted_affinity_w0.25,2910,0.25,0,20,35,0.49819,4.61,0.6043,0.5172,0.7
predicted_affinity_w0.25,2910,0.25,1,9,24,0.5227,3.23,0.6143,0.5228,0.7
predicted_affinity_w0.25,2910,0.25,2,16,31,0.50178,3.76,0.6038,0.5146,0.7
predicted_affinity_full_w0.1,4407,0.1,0,11,26,0.49636,4.7,0.6057,0.5253,0.7
predicted_affinity_full_w0.1,4407,0.1,1,23,38,0.50474,6.4,0.6248,0.5277,0.7
predicted_affinity_full_w0.1,4407,0.1,2,15,30,0.47731,4.32,0.6083,0.5122,0.7
predicted_affinity_full_w0.25,4407,0.25,0,12,27,0.49195,3.33,0.6039,0.5155,0.7
predicted_affinity_full_w0.25,4407,0.25,1,29,44,0.51798,5.72,0.6122,0.5137,0.7
predicted_affinity_full_w0.25,4407,0.25,2,15,30,0.50016,3.2,0.6376,0.5047,0.8
