arm,lambda_aff,source,median_per_allele_spearman,iqr_low,iqr_high,mae_log1p,median_precision_at_10,affinity_head_rho,n_members,fit_seconds
seq,0.0,reused,0.6876,0.5762,0.77,0.4774,0.7,0.009,,0.0
seq,0.1,reused,0.6844,0.5832,0.7624,0.4764,0.7,0.4374,,0.0
seq,0.3,reused,0.6833,0.5667,0.7711,0.4738,0.7,0.4823,,0.0
seq,1.0,reused,0.6822,0.556,0.7723,0.4767,0.7,0.5945,,0.0
seq,3.0,reused,0.6702,0.5719,0.7723,0.4774,0.7,0.6156,,0.0
additive,0.0,fitted,0.6761,0.5597,0.7697,0.4875,0.7,0.0056,30.0,488.9
additive,0.1,fitted,0.6849,0.5472,0.7628,0.4872,0.7,0.5778,30.0,449.8
additive,0.3,fitted,0.684,0.5516,0.764,0.4866,0.7,0.5814,30.0,384.8
additive,1.0,fitted,0.6849,0.5403,0.7735,0.4834,0.7,0.5757,30.0,397.0
additive,3.0,fitted,0.6868,0.5535,0.7718,0.4797,0.7,0.5806,30.0,331.4
esm,0.0,fitted,0.683,0.5585,0.7678,0.4793,0.7,0.0002,30.0,216.2
esm,0.1,fitted,0.682,0.5796,0.7858,0.4759,0.7,0.5744,30.0,195.2
esm,0.3,fitted,0.6871,0.5707,0.7821,0.4746,0.8,0.5825,30.0,118.8
esm,1.0,fitted,0.6838,0.5578,0.7756,0.4768,0.75,0.568,30.0,127.8
esm,3.0,fitted,0.6821,0.565,0.7692,0.477,0.7,0.5684,30.0,152.5
