input_set,encoding,fold,seed,n_fit_rows,best_epoch,fit_seconds,scc_mean,scc_median
pep_pseudo,onehot,0,0,15772,10,1.42,0.5481826640911301,0.6079724960554251
pep_pseudo,onehot,0,1,15772,14,1.65,0.5791246401309839,0.6023087143965371
pep_pseudo,onehot,0,2,15772,11,1.48,0.5327137735003623,0.5343542524082153
pep_pseudo,onehot,1,0,15773,21,2.05,0.5536753984438465,0.6033208188508175
pep_pseudo,onehot,1,1,15773,17,1.82,0.5685469575742023,0.5972261098212668
pep_pseudo,onehot,1,2,15773,20,1.99,0.5319021559992522,0.5692449492586373
pep_pseudo,onehot,2,0,15773,16,1.76,0.5544762112563835,0.60666612995148
pep_pseudo,onehot,2,1,15773,11,1.48,0.5502940818353919,0.6108347407870938
pep_pseudo,onehot,2,2,15773,11,1.48,0.5443343203192854,0.5771503592133014
pep_pseudo,onehot,3,0,15773,13,1.59,0.5712195399671698,0.6073223209425855
pep_pseudo,onehot,3,1,15773,13,1.59,0.5679319170873517,0.6173349326368159
pep_pseudo,onehot,3,2,15773,16,1.76,0.5477973659945294,0.576644163827519
pep_pseudo,onehot,4,0,15773,11,1.48,0.5613085493073806,0.5926198618121814
pep_pseudo,onehot,4,1,15773,13,1.69,0.5709302604500666,0.6186197486699958
pep_pseudo,onehot,4,2,15773,12,1.55,0.5362879246903608,0.5515841959255587
pep_pseudo,blosum,0,0,15772,35,2.85,0.5629787675809536,0.6018244957527064
pep_pseudo,blosum,0,1,15772,58,4.16,0.5489108258910348,0.5578444157907121
pep_pseudo,blosum,0,2,15772,35,2.88,0.5545634438226014,0.5767176163827843
pep_pseudo,blosum,1,0,15773,31,3.28,0.5786740323142037,0.6148204903302971
pep_pseudo,blosum,1,1,15773,39,3.13,0.5602778656313736,0.5797253781041107
pep_pseudo,blosum,1,2,15773,43,3.4,0.5415568984602059,0.538532157167908
pep_pseudo,blosum,2,0,15773,46,3.5,0.5633457522515887,0.6012519480981408
pep_pseudo,blosum,2,1,15773,42,3.25,0.5376540980559171,0.5849193657474012
pep_pseudo,blosum,2,2,15773,38,3.02,0.542427790467284,0.5811467515905888
pep_pseudo,blosum,3,0,15773,41,3.2,0.5632266872179743,0.595210006348207
pep_pseudo,blosum,3,1,15773,36,2.92,0.5417832535318908,0.5767174291972255
pep_pseudo,blosum,3,2,15773,22,2.11,0.5332101532650859,0.5590854945132719
pep_pseudo,blosum,4,0,15773,53,3.89,0.572985112408935,0.5992989892072305
pep_pseudo,blosum,4,1,15773,40,3.15,0.5711670321187325,0.5757025030930709
pep_pseudo,blosum,4,2,15773,38,3.03,0.5574339628671126,0.5753831342451221
