variant,l2,fold,seed,n_features,best_epoch,median_rho
as_shipped,0.001,0,0,1190,109,0.547946
as_shipped,0.001,0,1,1190,126,0.582788
as_shipped,0.001,1,0,1190,142,0.572752
as_shipped,0.001,1,1,1190,107,0.582077
as_shipped,0.01,0,0,1190,86,0.591202
as_shipped,0.01,0,1,1190,68,0.54989
as_shipped,0.01,1,0,1190,60,0.570124
as_shipped,0.01,1,1,1190,125,0.586148
as_shipped,0.1,0,0,1190,30,0.546583
as_shipped,0.1,0,1,1190,15,0.583524
as_shipped,0.1,1,0,1190,20,0.539025
as_shipped,0.1,1,1,1190,9,0.564213
unit_rescaled,0.001,0,0,1190,59,0.483564
unit_rescaled,0.001,0,1,1190,89,0.460397
unit_rescaled,0.001,1,0,1190,92,0.507076
unit_rescaled,0.001,1,1,1190,45,0.492805
unit_rescaled,0.01,0,0,1190,14,0.489574
unit_rescaled,0.01,0,1,1190,13,0.474784
unit_rescaled,0.01,1,0,1190,17,0.543576
unit_rescaled,0.01,1,1,1190,11,0.511547
unit_rescaled,0.1,0,0,1190,27,0.443685
unit_rescaled,0.1,0,1,1190,47,0.471461
unit_rescaled,0.1,1,0,1190,34,0.448502
unit_rescaled,0.1,1,1,1190,62,0.482312
baseline_only,0.001,0,0,860,12,0.617786
baseline_only,0.001,0,1,860,16,0.620758
baseline_only,0.001,1,0,860,29,0.601705
baseline_only,0.001,1,1,860,17,0.603201
baseline_only,0.01,0,0,860,27,0.583284
baseline_only,0.01,0,1,860,55,0.608499
baseline_only,0.01,1,0,860,44,0.58686
baseline_only,0.01,1,1,860,34,0.646898
baseline_only,0.1,0,0,860,51,0.22153
baseline_only,0.1,0,1,860,55,0.216109
baseline_only,0.1,1,0,860,39,0.215365
baseline_only,0.1,1,1,860,44,0.212544
