allele,bin,donor_distance_low,donor_distance_high,n_decoys,auroc
HLA-A*01:01,0,-inf,14.0,4106,0.7601
HLA-A*01:01,1,14.0,inf,15894,0.8389
HLA-A*02:01,0,-inf,14.0,9921,0.7602
HLA-A*02:01,1,14.0,inf,10079,0.8172
HLA-A*02:03,0,-inf,14.0,10269,0.8398
HLA-A*02:03,1,14.0,inf,9731,0.9002
HLA-A*02:05,0,-inf,14.0,12521,0.6779
HLA-A*02:05,1,14.0,inf,7479,0.7596
HLA-A*02:11,0,-inf,14.0,7026,0.6811
HLA-A*02:11,1,14.0,inf,6914,0.8324
HLA-A*03:01,0,-inf,14.0,10172,0.8628
HLA-A*03:01,1,14.0,inf,9828,0.9342
HLA-A*11:01,0,-inf,14.0,10303,0.8891
HLA-A*11:01,1,14.0,inf,9697,0.9584
HLA-A*23:01,0,-inf,14.0,6800,0.9094
HLA-A*23:01,1,14.0,inf,11380,0.9678
HLA-A*24:02,0,-inf,14.0,6582,0.9236
HLA-A*24:02,1,14.0,inf,13418,0.9569
HLA-A*24:07,0,-inf,14.0,3705,0.925
HLA-A*24:07,1,14.0,inf,5805,0.972
HLA-A*25:01,0,-inf,14.0,8774,0.8517
HLA-A*25:01,1,14.0,inf,5556,0.9216
HLA-A*26:01,0,-inf,14.0,10820,0.8954
HLA-A*26:01,1,14.0,inf,5620,0.9445
HLA-A*29:02,0,-inf,14.0,7007,0.7931
HLA-A*29:02,1,14.0,inf,5093,0.8835
HLA-A*30:01,0,-inf,14.0,9622,0.8321
HLA-A*30:01,1,14.0,inf,8088,0.8534
HLA-A*30:02,0,-inf,14.0,6655,0.5373
HLA-A*30:02,1,14.0,inf,4675,0.6021
HLA-A*31:01,0,-inf,14.0,8919,0.9192
HLA-A*31:01,1,14.0,inf,7191,0.9689
HLA-A*32:01,0,-inf,14.0,8767,0.8482
HLA-A*32:01,1,14.0,inf,6183,0.8997
HLA-A*33:03,0,-inf,14.0,7117,0.9304
HLA-A*33:03,1,14.0,inf,8423,0.9752
HLA-A*66:01,0,-inf,14.0,7989,0.9178
HLA-A*66:01,1,14.0,inf,4221,0.9738
HLA-A*68:01,0,-inf,14.0,13028,0.8951
HLA-A*68:01,1,14.0,inf,6972,0.9579
HLA-A*68:02,0,-inf,14.0,11076,0.7985
HLA-A*68:02,1,14.0,inf,2734,0.8956
HLA-A*69:01,0,-inf,14.0,4575,0.7539
HLA-A*69:01,1,14.0,inf,1585,0.8686
HLA-A*74:01,0,-inf,14.0,6973,0.935
HLA-A*74:01,1,14.0,inf,5127,0.9785
HLA-B*07:02,0,-inf,14.0,9737,0.8692
HLA-B*07:02,1,14.0,inf,10263,0.9372
HLA-B*08:01,0,-inf,14.0,9865,0.8433
HLA-B*08:01,1,14.0,inf,10135,0.8885
HLA-B*13:02,0,-inf,14.0,10121,0.6673
HLA-B*13:02,1,14.0,inf,9879,0.6888
HLA-B*15:01,0,-inf,14.0,11678,0.8823
HLA-B*15:01,1,14.0,inf,8322,0.9024
HLA-B*15:02,0,-inf,14.0,10039,0.8641
HLA-B*15:02,1,14.0,inf,6251,0.916
HLA-B*15:10,0,-inf,14.0,6473,0.9345
HLA-B*15:10,1,14.0,inf,5267,0.9783
HLA-B*15:17,0,-inf,14.0,9579,0.8114
HLA-B*15:17,1,14.0,inf,3691,0.8992
HLA-B*18:01,0,-inf,14.0,10298,0.8002
HLA-B*18:01,1,14.0,inf,9702,0.8815
HLA-B*27:05,0,-inf,14.0,13970,0.9405
HLA-B*27:05,1,14.0,inf,6030,0.9571
HLA-B*35:01,0,-inf,14.0,8368,0.8818
HLA-B*35:01,1,14.0,inf,5122,0.9478
HLA-B*35:03,0,-inf,14.0,12238,0.9082
HLA-B*35:03,1,14.0,inf,7762,0.9484
HLA-B*35:08,0,-inf,14.0,2556,0.9043
HLA-B*35:08,1,14.0,inf,1524,0.9705
HLA-B*39:01,0,-inf,14.0,10126,0.8916
HLA-B*39:01,1,14.0,inf,9874,0.9558
HLA-B*40:01,0,-inf,14.0,8929,0.7403
HLA-B*40:01,1,14.0,inf,11071,0.892
HLA-B*40:02,0,-inf,14.0,9741,0.7568
HLA-B*40:02,1,14.0,inf,10259,0.8531
HLA-B*41:01,0,-inf,14.0,503,0.8959
HLA-B*41:01,1,14.0,inf,507,0.9287
HLA-B*42:01,0,-inf,14.0,10830,0.8612
HLA-B*42:01,1,14.0,inf,9170,0.9387
HLA-B*44:05,0,-inf,14.0,7994,0.7624
HLA-B*44:05,1,14.0,inf,10416,0.8241
HLA-B*45:01,0,-inf,14.0,8562,0.9363
HLA-B*45:01,1,14.0,inf,10598,0.9452
HLA-B*46:01,0,-inf,14.0,11184,0.8395
HLA-B*46:01,1,14.0,inf,6326,0.9105
HLA-B*51:01,0,-inf,14.0,9103,0.9195
HLA-B*51:01,1,14.0,inf,10897,0.9147
HLA-B*54:01,0,-inf,14.0,4297,0.961
HLA-B*54:01,1,14.0,inf,1683,0.9732
HLA-B*55:01,0,-inf,14.0,7576,0.9567
HLA-B*55:01,1,14.0,inf,3824,0.9751
HLA-B*56:01,0,-inf,14.0,7399,0.9605
HLA-B*56:01,1,14.0,inf,3601,0.9759
HLA-B*57:01,0,-inf,14.0,13090,0.8053
HLA-B*57:01,1,14.0,inf,6910,0.8828
HLA-B*57:03,0,-inf,14.0,14576,0.802
HLA-B*57:03,1,14.0,inf,5424,0.8706
HLA-B*58:01,0,-inf,14.0,9766,0.8731
HLA-B*58:01,1,14.0,inf,8854,0.9168
HLA-B*81:01,0,-inf,14.0,3690,0.719
HLA-B*81:01,1,14.0,inf,5930,0.8999
