arm,bin,n,mean_predicted_p_floor,observed_floor_share
mse (post-hoc sigma),1,282,0.0002182405587104604,0.014184397163120567
mse (post-hoc sigma),2,282,0.004316908181483884,0.014184397163120567
mse (post-hoc sigma),3,282,0.017605943384260855,0.031914893617021274
mse (post-hoc sigma),4,282,0.04840253459014112,0.031914893617021274
mse (post-hoc sigma),5,282,0.09754554527212285,0.06028368794326241
mse (post-hoc sigma),6,282,0.1584338716794276,0.11702127659574468
mse (post-hoc sigma),7,282,0.23769749160591755,0.17375886524822695
mse (post-hoc sigma),8,281,0.3221298895369202,0.298932384341637
mse (post-hoc sigma),9,281,0.4183963187867691,0.5160142348754448
mse (post-hoc sigma),10,281,0.5560674842193569,0.708185053380783
censored,1,282,0.0005581045988947153,0.010638297872340425
censored,2,282,0.006899715401232243,0.024822695035460994
censored,3,282,0.024089442566037178,0.0425531914893617
censored,4,282,0.0538916140794754,0.02127659574468085
censored,5,282,0.09844740480184555,0.03900709219858156
censored,6,282,0.1602245718240738,0.10638297872340426
censored,7,282,0.24285772442817688,0.14893617021276595
censored,8,281,0.3565136790275574,0.2918149466192171
censored,9,281,0.5128146409988403,0.46619217081850534
censored,10,281,0.8310773968696594,0.8149466192170819
