arm,input_set,encoding,model,family,config,seed,n_features,n_parameters,n_fit_rows,n_dev_rows,epochs,best_epoch,dev_mse,feature_seconds,fit_seconds,infer_seconds_per_1k,median_per_allele_spearman,iqr_low,iqr_high,mae_log1p,median_precision_at_10,pooled_spearman,pooled_pearson_log1p
reference,-,-,global_mean,reference,train split,0,0,1,19716,0,,,,0.0,0.0,0.0,0.0,0.0,0.0,0.9278,0.3592,,
reference,-,-,allele_mean,reference,train split,0,0,75,19716,0,,,,0.0,0.0,0.0,0.0,0.0,0.0,0.7342,0.3592,0.554,0.523
onehot_pep,pep,onehot,ridge_onehot_pep,ridge,alpha=100,0,180,181,17744,1972,,,1.07552,0.011,0.0,0.0001,0.1697,-0.0166,0.4114,0.8335,0.4,0.3567,0.4075
onehot_pep,pep,onehot,mlp_onehot_pep_h64_l21e-05_lr0.001_s0,mlp,h64_l21e-05_lr0.001,0,180,11649,17744,1972,25.0,10.0,1.04033,0.011,0.29,0.0001,0.1841,-0.0035,0.404,0.8215,0.4,0.3504,0.4227
onehot_pep,pep,onehot,mlp_onehot_pep_h64_l21e-05_lr0.001_s1,mlp,h64_l21e-05_lr0.001,1,180,11649,17744,1972,29.0,14.0,1.03726,0.011,0.34,0.0001,0.194,0.0125,0.3874,0.8193,0.4,0.3421,0.4169
onehot_pep,pep,onehot,mlp_onehot_pep_h64_l21e-05_lr0.001_s2,mlp,h64_l21e-05_lr0.001,2,180,11649,17744,1972,28.0,13.0,1.04667,0.011,0.33,0.0001,0.1952,0.0642,0.3912,0.8226,0.4,0.355,0.4156
onehot_pep,pep,onehot,mlp_onehot_pep_h64_l20.001_lr0.001_s0,mlp,h64_l20.001_lr0.001,0,180,11649,17744,1972,25.0,10.0,1.02677,0.011,0.3,0.0001,0.2059,0.0047,0.4184,0.8151,0.4,0.3626,0.4356
onehot_pep,pep,onehot,mlp_onehot_pep_h64_l20.001_lr0.001_s1,mlp,h64_l20.001_lr0.001,1,180,11649,17744,1972,30.0,15.0,1.02378,0.011,0.36,0.0001,0.1961,0.0157,0.4237,0.8156,0.4,0.3583,0.4382
onehot_pep,pep,onehot,mlp_onehot_pep_h64_l20.001_lr0.001_s2,mlp,h64_l20.001_lr0.001,2,180,11649,17744,1972,48.0,33.0,1.03129,0.011,0.58,0.0001,0.2032,0.0395,0.3828,0.8209,0.4,0.3563,0.4233
onehot_pep,pep,onehot,mlp_onehot_pep_h256x64_l21e-05_lr0.001_s0,mlp,h256x64_l21e-05_lr0.001,0,180,62849,17744,1972,26.0,11.0,1.03377,0.011,0.83,0.0006,0.1747,0.0199,0.383,0.8183,0.45,0.3527,0.4165
onehot_pep,pep,onehot,mlp_onehot_pep_h256x64_l21e-05_lr0.001_s1,mlp,h256x64_l21e-05_lr0.001,1,180,62849,17744,1972,24.0,9.0,1.0418,0.011,0.74,0.0004,0.184,-0.0471,0.3717,0.8227,0.4,0.3352,0.4096
onehot_pep,pep,onehot,mlp_onehot_pep_h256x64_l21e-05_lr0.001_s2,mlp,h256x64_l21e-05_lr0.001,2,180,62849,17744,1972,20.0,5.0,1.03687,0.011,0.61,0.0004,0.2001,0.002,0.3674,0.8317,0.45,0.3383,0.4067
onehot_pep,pep,onehot,mlp_onehot_pep_h256x64_l20.001_lr0.001_s0,mlp,h256x64_l20.001_lr0.001,0,180,62849,17744,1972,24.0,9.0,1.02197,0.011,0.74,0.0004,0.1868,0.013,0.4059,0.8173,0.4,0.3634,0.4288
onehot_pep,pep,onehot,mlp_onehot_pep_h256x64_l20.001_lr0.001_s1,mlp,h256x64_l20.001_lr0.001,1,180,62849,17744,1972,26.0,11.0,1.01495,0.011,0.82,0.0003,0.1772,-0.0389,0.3622,0.8135,0.4,0.3466,0.4233
onehot_pep,pep,onehot,mlp_onehot_pep_h256x64_l20.001_lr0.001_s2,mlp,h256x64_l20.001_lr0.001,2,180,62849,17744,1972,20.0,5.0,1.0279,0.011,0.62,0.0003,0.2284,0.0225,0.3663,0.8239,0.45,0.3547,0.4242
onehot_pep_pseudo,pep_pseudo,onehot,ridge_onehot_pep_pseudo,ridge,alpha=0.1,0,860,861,17744,1972,,,0.88994,0.039,1.02,0.0006,0.2784,0.0749,0.4157,0.6999,0.5,0.5942,0.5797
onehot_pep_pseudo,pep_pseudo,onehot,mlp_onehot_pep_pseudo_h64_l21e-05_lr0.001_s0,mlp,h64_l21e-05_lr0.001,0,860,55169,17744,1972,47.0,32.0,0.56228,0.039,1.11,0.0002,0.5376,0.3696,0.6745,0.5775,0.7,0.7296,0.7374
onehot_pep_pseudo,pep_pseudo,onehot,mlp_onehot_pep_pseudo_h64_l21e-05_lr0.001_s1,mlp,h64_l21e-05_lr0.001,1,860,55169,17744,1972,46.0,31.0,0.56761,0.039,1.09,0.0003,0.5683,0.4077,0.6637,0.5761,0.7,0.7307,0.7373
onehot_pep_pseudo,pep_pseudo,onehot,mlp_onehot_pep_pseudo_h64_l21e-05_lr0.001_s2,mlp,h64_l21e-05_lr0.001,2,860,55169,17744,1972,47.0,32.0,0.56365,0.039,1.12,0.0003,0.5668,0.3979,0.6744,0.5628,0.7,0.7356,0.7436
onehot_pep_pseudo,pep_pseudo,onehot,mlp_onehot_pep_pseudo_h64_l20.001_lr0.001_s0,mlp,h64_l20.001_lr0.001,0,860,55169,17744,1972,47.0,32.0,0.55167,0.039,1.12,0.0002,0.5432,0.4159,0.7092,0.5612,0.7,0.7382,0.7428
onehot_pep_pseudo,pep_pseudo,onehot,mlp_onehot_pep_pseudo_h64_l20.001_lr0.001_s1,mlp,h64_l20.001_lr0.001,1,860,55169,17744,1972,56.0,41.0,0.56383,0.039,1.32,0.0002,0.5568,0.4457,0.7003,0.567,0.7,0.7329,0.7409
onehot_pep_pseudo,pep_pseudo,onehot,mlp_onehot_pep_pseudo_h64_l20.001_lr0.001_s2,mlp,h64_l20.001_lr0.001,2,860,55169,17744,1972,54.0,39.0,0.54105,0.039,1.36,0.0002,0.5735,0.4553,0.6913,0.5553,0.7,0.7398,0.7475
onehot_pep_pseudo,pep_pseudo,onehot,mlp_onehot_pep_pseudo_h256x64_l21e-05_lr0.001_s0,mlp,h256x64_l21e-05_lr0.001,0,860,236929,17744,1972,39.0,24.0,0.49638,0.039,2.5,0.0008,0.6098,0.4826,0.7091,0.5325,0.7,0.7451,0.7585
onehot_pep_pseudo,pep_pseudo,onehot,mlp_onehot_pep_pseudo_h256x64_l21e-05_lr0.001_s1,mlp,h256x64_l21e-05_lr0.001,1,860,236929,17744,1972,39.0,24.0,0.52192,0.039,2.54,0.0007,0.6252,0.4905,0.7174,0.515,0.7,0.7566,0.7701
onehot_pep_pseudo,pep_pseudo,onehot,mlp_onehot_pep_pseudo_h256x64_l21e-05_lr0.001_s2,mlp,h256x64_l21e-05_lr0.001,2,860,236929,17744,1972,32.0,17.0,0.5163,0.039,2.08,0.0009,0.5937,0.4428,0.7089,0.5046,0.7,0.7632,0.7746
onehot_pep_pseudo,pep_pseudo,onehot,mlp_onehot_pep_pseudo_h256x64_l20.001_lr0.001_s0,mlp,h256x64_l20.001_lr0.001,0,860,236929,17744,1972,35.0,20.0,0.4862,0.039,2.28,0.0007,0.6405,0.5026,0.7294,0.5023,0.7,0.7578,0.7731
onehot_pep_pseudo,pep_pseudo,onehot,mlp_onehot_pep_pseudo_h256x64_l20.001_lr0.001_s1,mlp,h256x64_l20.001_lr0.001,1,860,236929,17744,1972,26.0,11.0,0.52599,0.039,1.7,0.0007,0.5938,0.4765,0.7008,0.5282,0.7,0.7533,0.7588
onehot_pep_pseudo,pep_pseudo,onehot,mlp_onehot_pep_pseudo_h256x64_l20.001_lr0.001_s2,mlp,h256x64_l20.001_lr0.001,2,860,236929,17744,1972,31.0,16.0,0.50719,0.039,2.12,0.0007,0.5935,0.4602,0.7151,0.5021,0.7,0.7675,0.7752
onehot_pep_domain,pep_domain,onehot,ridge_onehot_pep_domain,ridge,alpha=1,0,3820,3821,17744,1972,,,0.89125,0.307,26.71,0.0075,0.274,0.0794,0.4225,0.6967,0.5,0.5968,0.584
onehot_pep_domain,pep_domain,onehot,mlp_onehot_pep_domain_h64_l21e-05_lr0.001_s0,mlp,h64_l21e-05_lr0.001,0,3820,244609,17744,1972,69.0,54.0,0.56078,0.307,5.26,0.0027,0.5398,0.4007,0.6765,0.5721,0.65,0.7268,0.7417
onehot_pep_domain,pep_domain,onehot,mlp_onehot_pep_domain_h64_l21e-05_lr0.001_s1,mlp,h64_l21e-05_lr0.001,1,3820,244609,17744,1972,64.0,49.0,0.57097,0.307,4.78,0.0012,0.5474,0.3727,0.685,0.5682,0.7,0.728,0.7419
onehot_pep_domain,pep_domain,onehot,mlp_onehot_pep_domain_h64_l21e-05_lr0.001_s2,mlp,h64_l21e-05_lr0.001,2,3820,244609,17744,1972,65.0,50.0,0.576,0.307,4.94,0.0013,0.5192,0.3572,0.6667,0.574,0.6,0.7148,0.7233
onehot_pep_domain,pep_domain,onehot,mlp_onehot_pep_domain_h64_l20.001_lr0.001_s0,mlp,h64_l20.001_lr0.001,0,3820,244609,17744,1972,69.0,54.0,0.55068,0.307,5.13,0.0011,0.5548,0.4492,0.6945,0.5597,0.7,0.732,0.745
onehot_pep_domain,pep_domain,onehot,mlp_onehot_pep_domain_h64_l20.001_lr0.001_s1,mlp,h64_l20.001_lr0.001,1,3820,244609,17744,1972,56.0,41.0,0.57912,0.307,4.11,0.0011,0.5711,0.4047,0.6845,0.5605,0.7,0.7279,0.741
onehot_pep_domain,pep_domain,onehot,mlp_onehot_pep_domain_h64_l20.001_lr0.001_s2,mlp,h64_l20.001_lr0.001,2,3820,244609,17744,1972,49.0,34.0,0.57432,0.307,3.58,0.0012,0.5202,0.3836,0.6583,0.5755,0.55,0.7147,0.7243
onehot_pep_domain,pep_domain,onehot,mlp_onehot_pep_domain_h256x64_l21e-05_lr0.001_s0,mlp,h256x64_l21e-05_lr0.001,0,3820,994689,17744,1972,37.0,22.0,0.52304,0.307,8.87,0.0026,0.5951,0.3845,0.6896,0.5417,0.7,0.7359,0.7461
onehot_pep_domain,pep_domain,onehot,mlp_onehot_pep_domain_h256x64_l21e-05_lr0.001_s1,mlp,h256x64_l21e-05_lr0.001,1,3820,994689,17744,1972,55.0,40.0,0.51255,0.307,13.25,0.0025,0.5473,0.4269,0.6785,0.5359,0.7,0.7437,0.7578
onehot_pep_domain,pep_domain,onehot,mlp_onehot_pep_domain_h256x64_l21e-05_lr0.001_s2,mlp,h256x64_l21e-05_lr0.001,2,3820,994689,17744,1972,45.0,30.0,0.53859,0.307,10.98,0.0025,0.574,0.4039,0.685,0.5201,0.7,0.7491,0.759
onehot_pep_domain,pep_domain,onehot,mlp_onehot_pep_domain_h256x64_l20.001_lr0.001_s0,mlp,h256x64_l20.001_lr0.001,0,3820,994689,17744,1972,47.0,32.0,0.50818,0.307,11.54,0.0025,0.5937,0.4215,0.7004,0.5225,0.7,0.7432,0.761
onehot_pep_domain,pep_domain,onehot,mlp_onehot_pep_domain_h256x64_l20.001_lr0.001_s1,mlp,h256x64_l20.001_lr0.001,1,3820,994689,17744,1972,61.0,46.0,0.5053,0.307,14.59,0.0024,0.5691,0.4143,0.6707,0.5456,0.6,0.7312,0.7327
onehot_pep_domain,pep_domain,onehot,mlp_onehot_pep_domain_h256x64_l20.001_lr0.001_s2,mlp,h256x64_l20.001_lr0.001,2,3820,994689,17744,1972,46.0,31.0,0.51764,0.307,10.95,0.0023,0.5606,0.4397,0.687,0.5278,0.7,0.7462,0.7494
blosum_pep,pep,blosum,ridge_blosum_pep,ridge,alpha=1,0,180,181,17744,1972,,,1.07545,0.011,0.0,0.0001,0.1693,-0.0006,0.4114,0.8288,0.4,0.3603,0.4093
blosum_pep,pep,blosum,mlp_blosum_pep_h64_l21e-05_lr0.001_s0,mlp,h64_l21e-05_lr0.001,0,180,11649,17744,1972,25.0,10.0,1.03566,0.011,0.3,0.0001,0.2012,0.0506,0.4023,0.8244,0.4,0.3734,0.4342
blosum_pep,pep,blosum,mlp_blosum_pep_h64_l21e-05_lr0.001_s1,mlp,h64_l21e-05_lr0.001,1,180,11649,17744,1972,25.0,10.0,1.03254,0.011,0.29,0.0001,0.264,0.0197,0.4501,0.8024,0.5,0.3857,0.4535
blosum_pep,pep,blosum,mlp_blosum_pep_h64_l21e-05_lr0.001_s2,mlp,h64_l21e-05_lr0.001,2,180,11649,17744,1972,29.0,14.0,1.03586,0.011,0.34,0.0001,0.2404,0.0147,0.3901,0.8037,0.4,0.3898,0.4436
blosum_pep,pep,blosum,mlp_blosum_pep_h64_l20.001_lr0.001_s0,mlp,h64_l20.001_lr0.001,0,180,11649,17744,1972,37.0,22.0,1.02695,0.011,0.44,0.0001,0.2165,0.0138,0.4139,0.8139,0.5,0.3751,0.4435
blosum_pep,pep,blosum,mlp_blosum_pep_h64_l20.001_lr0.001_s1,mlp,h64_l20.001_lr0.001,1,180,11649,17744,1972,25.0,10.0,1.02691,0.011,0.29,0.0001,0.2672,-0.001,0.4626,0.8018,0.5,0.39,0.4587
blosum_pep,pep,blosum,mlp_blosum_pep_h64_l20.001_lr0.001_s2,mlp,h64_l20.001_lr0.001,2,180,11649,17744,1972,29.0,14.0,1.02572,0.011,0.34,0.0001,0.2471,0.003,0.4123,0.8004,0.4,0.3904,0.4519
blosum_pep,pep,blosum,mlp_blosum_pep_h256x64_l21e-05_lr0.001_s0,mlp,h256x64_l21e-05_lr0.001,0,180,62849,17744,1972,26.0,11.0,1.01419,0.011,0.8,0.0004,0.2408,0.0458,0.4568,0.7949,0.45,0.3769,0.4529
blosum_pep,pep,blosum,mlp_blosum_pep_h256x64_l21e-05_lr0.001_s1,mlp,h256x64_l21e-05_lr0.001,1,180,62849,17744,1972,24.0,9.0,1.03777,0.011,0.73,0.0004,0.2119,0.0252,0.4377,0.807,0.5,0.3718,0.4437
blosum_pep,pep,blosum,mlp_blosum_pep_h256x64_l21e-05_lr0.001_s2,mlp,h256x64_l21e-05_lr0.001,2,180,62849,17744,1972,22.0,7.0,1.02025,0.011,0.67,0.0004,0.2431,0.0238,0.4007,0.8085,0.5,0.3726,0.4385
blosum_pep,pep,blosum,mlp_blosum_pep_h256x64_l20.001_lr0.001_s0,mlp,h256x64_l20.001_lr0.001,0,180,62849,17744,1972,30.0,15.0,1.00954,0.011,0.92,0.0004,0.2212,0.0413,0.4491,0.7954,0.45,0.3898,0.4647
blosum_pep,pep,blosum,mlp_blosum_pep_h256x64_l20.001_lr0.001_s1,mlp,h256x64_l20.001_lr0.001,1,180,62849,17744,1972,28.0,13.0,1.01839,0.011,0.86,0.0004,0.247,0.0546,0.4187,0.808,0.5,0.3761,0.4486
blosum_pep,pep,blosum,mlp_blosum_pep_h256x64_l20.001_lr0.001_s2,mlp,h256x64_l20.001_lr0.001,2,180,62849,17744,1972,22.0,7.0,1.01869,0.011,0.67,0.0004,0.233,0.0037,0.3968,0.8147,0.4,0.3713,0.4394
blosum_pep_pseudo,pep_pseudo,blosum,ridge_blosum_pep_pseudo,ridge,alpha=0.1,0,860,861,17744,1972,,,0.88993,0.051,1.1,0.0003,0.2698,0.0742,0.4175,0.6999,0.5,0.5944,0.5796
blosum_pep_pseudo,pep_pseudo,blosum,mlp_blosum_pep_pseudo_h64_l21e-05_lr0.001_s0,mlp,h64_l21e-05_lr0.001,0,860,55169,17744,1972,75.0,60.0,0.59438,0.051,1.76,0.0003,0.5688,0.4368,0.6807,0.5705,0.7,0.719,0.7289
blosum_pep_pseudo,pep_pseudo,blosum,mlp_blosum_pep_pseudo_h64_l21e-05_lr0.001_s1,mlp,h64_l21e-05_lr0.001,1,860,55169,17744,1972,69.0,54.0,0.57018,0.051,1.61,0.0003,0.5904,0.4809,0.6959,0.5683,0.7,0.731,0.7348
blosum_pep_pseudo,pep_pseudo,blosum,mlp_blosum_pep_pseudo_h64_l21e-05_lr0.001_s2,mlp,h64_l21e-05_lr0.001,2,860,55169,17744,1972,67.0,52.0,0.56744,0.051,1.58,0.0002,0.575,0.4601,0.7183,0.5826,0.6,0.7335,0.739
blosum_pep_pseudo,pep_pseudo,blosum,mlp_blosum_pep_pseudo_h64_l20.001_lr0.001_s0,mlp,h64_l20.001_lr0.001,0,860,55169,17744,1972,75.0,60.0,0.54657,0.051,1.76,0.0002,0.5767,0.4649,0.6712,0.5714,0.65,0.7216,0.7299
blosum_pep_pseudo,pep_pseudo,blosum,mlp_blosum_pep_pseudo_h64_l20.001_lr0.001_s1,mlp,h64_l20.001_lr0.001,1,860,55169,17744,1972,75.0,60.0,0.57185,0.051,1.76,0.0003,0.6019,0.4658,0.6922,0.5797,0.7,0.7217,0.7264
blosum_pep_pseudo,pep_pseudo,blosum,mlp_blosum_pep_pseudo_h64_l20.001_lr0.001_s2,mlp,h64_l20.001_lr0.001,2,860,55169,17744,1972,82.0,67.0,0.55076,0.051,1.92,0.0002,0.5959,0.4958,0.6838,0.5697,0.7,0.7374,0.7391
blosum_pep_pseudo,pep_pseudo,blosum,mlp_blosum_pep_pseudo_h256x64_l21e-05_lr0.001_s0,mlp,h256x64_l21e-05_lr0.001,0,860,236929,17744,1972,50.0,35.0,0.543,0.051,3.12,0.0007,0.5982,0.4516,0.6781,0.5621,0.7,0.7261,0.7435
blosum_pep_pseudo,pep_pseudo,blosum,mlp_blosum_pep_pseudo_h256x64_l21e-05_lr0.001_s1,mlp,h256x64_l21e-05_lr0.001,1,860,236929,17744,1972,43.0,28.0,0.54239,0.051,2.68,0.0007,0.5962,0.4637,0.6914,0.5502,0.7,0.7355,0.7436
blosum_pep_pseudo,pep_pseudo,blosum,mlp_blosum_pep_pseudo_h256x64_l21e-05_lr0.001_s2,mlp,h256x64_l21e-05_lr0.001,2,860,236929,17744,1972,61.0,46.0,0.57016,0.051,4.85,0.001,0.5894,0.4317,0.671,0.5497,0.7,0.7321,0.7455
blosum_pep_pseudo,pep_pseudo,blosum,mlp_blosum_pep_pseudo_h256x64_l20.001_lr0.001_s0,mlp,h256x64_l20.001_lr0.001,0,860,236929,17744,1972,52.0,37.0,0.53237,0.051,3.34,0.0009,0.6149,0.5027,0.7171,0.5154,0.6,0.7589,0.7679
blosum_pep_pseudo,pep_pseudo,blosum,mlp_blosum_pep_pseudo_h256x64_l20.001_lr0.001_s1,mlp,h256x64_l20.001_lr0.001,1,860,236929,17744,1972,34.0,19.0,0.54924,0.051,2.14,0.0007,0.5888,0.4333,0.6977,0.5597,0.6,0.7232,0.7347
blosum_pep_pseudo,pep_pseudo,blosum,mlp_blosum_pep_pseudo_h256x64_l20.001_lr0.001_s2,mlp,h256x64_l20.001_lr0.001,2,860,236929,17744,1972,64.0,49.0,0.54218,0.051,4.0,0.0007,0.6042,0.4765,0.7089,0.5247,0.6,0.7572,0.7586
blosum_pep_domain,pep_domain,blosum,ridge_blosum_pep_domain,ridge,alpha=1,0,3820,3821,17744,1972,,,0.89106,0.117,28.34,0.0043,0.2588,0.077,0.4256,0.6964,0.5,0.598,0.5842
blosum_pep_domain,pep_domain,blosum,mlp_blosum_pep_domain_h64_l21e-05_lr0.001_s0,mlp,h64_l21e-05_lr0.001,0,3820,244609,17744,1972,130.0,115.0,0.73176,0.117,9.69,0.0018,0.455,0.3074,0.5843,0.6227,0.55,0.6782,0.6767
blosum_pep_domain,pep_domain,blosum,mlp_blosum_pep_domain_h64_l21e-05_lr0.001_s1,mlp,h64_l21e-05_lr0.001,1,3820,244609,17744,1972,159.0,144.0,0.73563,0.117,11.66,0.0012,0.437,0.3466,0.5912,0.643,0.6,0.6691,0.6604
blosum_pep_domain,pep_domain,blosum,mlp_blosum_pep_domain_h64_l21e-05_lr0.001_s2,mlp,h64_l21e-05_lr0.001,2,3820,244609,17744,1972,163.0,148.0,0.62216,0.117,12.06,0.0012,0.5047,0.3501,0.6535,0.5854,0.55,0.706,0.7162
blosum_pep_domain,pep_domain,blosum,mlp_blosum_pep_domain_h64_l20.001_lr0.001_s0,mlp,h64_l20.001_lr0.001,0,3820,244609,17744,1972,104.0,89.0,0.76262,0.117,7.59,0.0012,0.4528,0.3068,0.543,0.6415,0.55,0.6649,0.655
blosum_pep_domain,pep_domain,blosum,mlp_blosum_pep_domain_h64_l20.001_lr0.001_s1,mlp,h64_l20.001_lr0.001,1,3820,244609,17744,1972,232.0,217.0,0.69276,0.117,17.52,0.0014,0.4522,0.2454,0.5907,0.6354,0.55,0.677,0.674
blosum_pep_domain,pep_domain,blosum,mlp_blosum_pep_domain_h64_l20.001_lr0.001_s2,mlp,h64_l20.001_lr0.001,2,3820,244609,17744,1972,145.0,130.0,0.61543,0.117,10.35,0.0011,0.4918,0.3596,0.6643,0.5803,0.6,0.7084,0.7162
blosum_pep_domain,pep_domain,blosum,mlp_blosum_pep_domain_h256x64_l21e-05_lr0.001_s0,mlp,h256x64_l21e-05_lr0.001,0,3820,994689,17744,1972,103.0,88.0,0.56435,0.117,24.82,0.0048,0.4941,0.3795,0.6679,0.5572,0.65,0.7148,0.7307
blosum_pep_domain,pep_domain,blosum,mlp_blosum_pep_domain_h256x64_l21e-05_lr0.001_s1,mlp,h256x64_l21e-05_lr0.001,1,3820,994689,17744,1972,138.0,123.0,0.58855,0.117,33.49,0.0034,0.5248,0.4261,0.6713,0.5629,0.65,0.7266,0.7328
blosum_pep_domain,pep_domain,blosum,mlp_blosum_pep_domain_h256x64_l21e-05_lr0.001_s2,mlp,h256x64_l21e-05_lr0.001,2,3820,994689,17744,1972,95.0,80.0,0.55801,0.117,24.84,0.0037,0.5445,0.4003,0.6357,0.5649,0.6,0.715,0.7219
blosum_pep_domain,pep_domain,blosum,mlp_blosum_pep_domain_h256x64_l20.001_lr0.001_s0,mlp,h256x64_l20.001_lr0.001,0,3820,994689,17744,1972,88.0,73.0,0.65579,0.117,22.8,0.0034,0.4698,0.3357,0.6421,0.5937,0.6,0.6947,0.6998
blosum_pep_domain,pep_domain,blosum,mlp_blosum_pep_domain_h256x64_l20.001_lr0.001_s1,mlp,h256x64_l20.001_lr0.001,1,3820,994689,17744,1972,95.0,80.0,0.63425,0.117,23.44,0.0028,0.5042,0.3083,0.6584,0.5691,0.55,0.7061,0.7188
blosum_pep_domain,pep_domain,blosum,mlp_blosum_pep_domain_h256x64_l20.001_lr0.001_s2,mlp,h256x64_l20.001_lr0.001,2,3820,994689,17744,1972,112.0,97.0,0.62389,0.117,28.19,0.0026,0.5308,0.3203,0.6373,0.5777,0.6,0.7062,0.7152
