arm,encoding,fold,seed,floor_hours,stop_on,best_epoch,epochs,sigma,dev_mse,fit_seconds
mse,onehot,0,0,0.1,own,10,25,,0.54097,18.44
mse,blosum,0,0,0.1,own,35,50,,0.52095,29.47
censored,onehot,0,0,0.1,own,7,22,0.7174306775652494,0.64872,18.24
censored,blosum,0,0,0.1,own,14,29,0.7339171870973005,0.63655,25.79
mse,onehot,0,0,0.1,own,10,25,,0.54097,18.65
mse,blosum,0,0,0.1,own,35,50,,0.52095,27.36
censored,onehot,0,0,0.1,own,7,22,0.7174306775652494,0.64872,14.01
censored,blosum,0,0,0.1,own,14,29,0.7339171870973005,0.63655,13.7
censored,onehot,0,0,0.1,mse,7,22,0.7174306775652494,0.64872,7.37
censored,blosum,0,0,0.1,mse,36,51,0.5242794865837268,0.63213,20.29
