protocol,input_set,encoding,lambda_aff,seed,median_per_allele_spearman,mae_log1p,median_precision_at_10,pooled_spearman,best_epoch,epochs,dev_mse,fit_seconds,n_affinity_rows,affinity_head_spearman
single,pep_pseudo,onehot,0.0,0,0.6097810426885671,0.5324594611217246,0.7,0.7451033907516095,24,39,0.49638,2.82,4592,
single,pep_pseudo,onehot,0.0,1,0.625231914905823,0.5149650296146342,0.7,0.7566375571379454,24,39,0.52192,2.7,4592,
single,pep_pseudo,onehot,0.0,2,0.5936887718809245,0.5046466971200801,0.7,0.7632352763758012,17,32,0.5163,2.24,4592,-0.0737
single,pep_pseudo,onehot,0.1,0,0.6183709051441859,0.5236232464749746,0.7,0.7498160355312201,25,40,0.50129,2.79,4592,0.5829
single,pep_pseudo,onehot,0.1,1,0.5921713365511384,0.5184318983536529,0.7,0.7501662044695041,24,39,0.53157,2.64,4592,0.5698
single,pep_pseudo,onehot,0.1,2,0.6068686074666112,0.5096852544567032,0.7,0.7623101981546282,17,32,0.51618,2.19,4592,0.5575
single,pep_pseudo,onehot,0.3,0,0.6150800725317491,0.5224240447277316,0.7,0.7515780154528627,15,30,0.49237,2.1,4592,0.5894
single,pep_pseudo,onehot,0.3,1,0.6117242423888294,0.5320512837088273,0.75,0.7486400656186194,20,35,0.50705,2.45,4592,0.5932
single,pep_pseudo,onehot,0.3,2,0.615157196529886,0.5095697997319086,0.7,0.763152942270483,17,32,0.52215,2.21,4592,0.5672
single,pep_pseudo,onehot,1.0,0,0.5870583571897101,0.5364845323524754,0.7,0.7444625378921327,14,29,0.51748,1.97,4592,0.5582
single,pep_pseudo,onehot,1.0,1,0.6215345564251398,0.528846439113686,0.7,0.7483298605740549,22,37,0.51412,2.6,4592,0.5845
single,pep_pseudo,onehot,1.0,2,0.5957148050198666,0.5153867313842647,0.7,0.7590381738878161,17,32,0.51576,2.3,4592,0.5754
single,pep_pseudo,onehot,3.0,0,0.6029894829683851,0.52071910945711,0.7,0.7534227862479916,22,37,0.53104,2.53,4592,0.5691
single,pep_pseudo,onehot,3.0,1,0.627686051470268,0.5322245291136383,0.7,0.7527931986936058,11,26,0.5442,4.32,4592,0.6044
single,pep_pseudo,onehot,3.0,2,0.5975923064270618,0.5234346332937517,0.7,0.7551599079039203,16,31,0.51862,2.99,4592,0.5741
single,pep_pseudo,blosum,0.0,0,0.6149418936509274,0.515353990084552,0.6,0.7589285493237422,37,52,0.53237,4.76,4592,
single,pep_pseudo,blosum,0.0,1,0.5887952635099344,0.559716831486063,0.6,0.7231785759244762,19,34,0.54924,4.0,4592,-0.1738
single,pep_pseudo,blosum,0.0,2,0.6042456428643961,0.5247315758082822,0.6,0.757161397829123,49,64,0.54218,4.62,4592,
single,pep_pseudo,blosum,0.1,0,0.633410197769065,0.5223989106165281,0.7,0.7524750399480393,37,52,0.50923,3.77,4592,0.5518
single,pep_pseudo,blosum,0.1,1,0.6181597222438129,0.5419521610906104,0.7,0.736937107614594,32,47,0.55889,3.44,4592,0.5488
single,pep_pseudo,blosum,0.1,2,0.5960586180295363,0.5556431591344436,0.7,0.7406741733586103,23,38,0.54458,2.65,4592,0.5588
single,pep_pseudo,blosum,0.3,0,0.5729495293442208,0.5366538487006964,0.6499999999999999,0.7350417248252619,46,61,0.52759,4.23,4592,0.6234
single,pep_pseudo,blosum,0.3,1,0.5958643041977658,0.5488887910492538,0.7,0.7377338326113729,25,40,0.55008,2.87,4592,0.5968
single,pep_pseudo,blosum,0.3,2,0.5699548504818762,0.5543148998556697,0.6,0.7375065028184488,19,34,0.56207,2.35,4592,0.5485
single,pep_pseudo,blosum,1.0,0,0.6002153162439245,0.551974950667338,0.6499999999999999,0.7292105829603946,20,35,0.53579,2.46,4592,0.6027
single,pep_pseudo,blosum,1.0,1,0.6104345254728016,0.5247536372197908,0.6499999999999999,0.7484944639190498,39,54,0.54133,3.93,4592,0.6142
single,pep_pseudo,blosum,1.0,2,0.5891201043132261,0.5519726063954187,0.6,0.7456945303657602,23,38,0.55502,3.02,4592,0.6362
single,pep_pseudo,blosum,3.0,0,0.6044380362871405,0.5330730515037686,0.7,0.7511960929116538,40,55,0.5365,3.93,4592,0.6207
single,pep_pseudo,blosum,3.0,1,0.601423441628953,0.5319371777563973,0.7,0.749690314200628,54,69,0.54954,4.86,4592,0.6145
single,pep_pseudo,blosum,3.0,2,0.5770693485996448,0.5537814808995205,0.7,0.7290661311226577,22,37,0.54085,2.63,4592,0.6361
