arm,layer,fold,seed,n_features,best_epoch,fit_seconds,infer_seconds_per_1k,member_median_rho
esm_alone,6,0,0,330,4,4.5,0.003,0.21566943995901844
esm_alone,6,0,1,330,3,7.1,0.0029,0.24053071959531439
esm_alone,6,0,2,330,3,4.2,0.0032,0.30790679357611683
esm_alone,6,1,0,330,5,4.7,0.0044,0.2377593290184344
esm_alone,6,1,1,330,3,4.0,0.0028,0.20418234110197142
esm_alone,6,1,2,330,4,4.0,0.0026,0.3112068551454209
esm_alone,6,2,0,330,3,4.5,0.0034,0.20272803801043573
esm_alone,6,2,1,330,3,25.6,0.0098,0.18488419461224737
esm_alone,6,2,2,330,5,7.6,0.0099,0.31581026514012245
esm_alone,6,3,0,330,3,4.7,0.0047,0.19568320446309434
esm_alone,6,3,1,330,4,7.6,0.0092,0.21767676851109424
esm_alone,6,3,2,330,3,4.9,0.0027,0.2649854646161274
esm_alone,6,4,0,330,4,4.7,0.0123,0.24481683511810232
esm_alone,6,4,1,330,5,6.3,0.003,0.255417407593558
esm_alone,6,4,2,330,3,3.9,0.0029,0.25710837896195404
esm_alone,12,0,0,330,3,4.5,0.003,0.2762650759241363
esm_alone,12,0,1,330,3,5.0,0.0045,0.16447316954719648
esm_alone,12,0,2,330,5,10.8,0.0059,0.3489207272282415
esm_alone,12,1,0,330,3,8.0,0.0054,0.25367088519180747
esm_alone,12,1,1,330,6,20.2,0.0049,0.22136323813657838
esm_alone,12,1,2,330,4,12.2,0.0027,0.2990037554881542
esm_alone,12,2,0,330,3,6.8,0.0042,0.24418775092028194
esm_alone,12,2,1,330,5,8.8,0.0071,0.2170267223220544
esm_alone,12,2,2,330,5,6.9,0.0031,0.3424948642816137
esm_alone,12,3,0,330,5,4.7,0.0028,0.2970283798337273
esm_alone,12,3,1,330,4,4.2,0.002,0.21357233156268007
esm_alone,12,3,2,330,3,2.9,0.0035,0.31279428759873634
esm_alone,12,4,0,330,5,2.9,0.0021,0.29590187950697644
esm_alone,12,4,1,330,5,3.3,0.0026,0.2031584611817575
esm_alone,12,4,2,330,4,4.9,0.0019,0.2931615854427227
esm_stacked,6,0,0,1190,5,10.3,0.0049,0.3853718861723344
esm_stacked,6,0,1,1190,6,12.3,0.0311,0.3984671540085587
esm_stacked,6,0,2,1190,6,11.6,0.0069,0.42233013954259735
esm_stacked,6,1,0,1190,8,10.3,0.005,0.38221022268182575
esm_stacked,6,1,1,1190,6,9.9,0.0063,0.430972118644258
esm_stacked,6,1,2,1190,4,10.7,0.0131,0.3912269080093867
esm_stacked,6,2,0,1190,4,8.9,0.0051,0.4080564813612373
esm_stacked,6,2,1,1190,6,8.1,0.0057,0.42342341865544214
esm_stacked,6,2,2,1190,3,7.2,0.0051,0.3828003940654934
esm_stacked,6,3,0,1190,4,8.4,0.0134,0.37656697702591674
esm_stacked,6,3,1,1190,7,10.0,0.005,0.41807481029086496
esm_stacked,6,3,2,1190,4,9.4,0.0054,0.38547596129776374
esm_stacked,6,4,0,1190,5,8.3,0.0063,0.3791544773732603
esm_stacked,6,4,1,1190,5,7.2,0.0066,0.4273895599699462
esm_stacked,6,4,2,1190,5,7.2,0.005,0.3788159558830986
esm_stacked,12,0,0,1190,5,7.3,0.006,0.37727444497673834
esm_stacked,12,0,1,1190,5,7.4,0.005,0.4071730228026783
esm_stacked,12,0,2,1190,4,11.7,0.0077,0.41757692188090806
esm_stacked,12,1,0,1190,10,14.9,0.0128,0.4185524959346577
esm_stacked,12,1,1,1190,4,9.7,0.0058,0.39624693119974835
esm_stacked,12,1,2,1190,6,8.2,0.0055,0.4234151756665423
esm_stacked,12,2,0,1190,4,10.8,0.076,0.3645744077461368
esm_stacked,12,2,1,1190,5,8.9,0.0055,0.3708075719556915
esm_stacked,12,2,2,1190,6,8.6,0.0049,0.40467751279770137
esm_stacked,12,3,0,1190,8,8.8,0.0046,0.4084643069341751
esm_stacked,12,3,1,1190,5,7.6,0.0046,0.3717428542205182
esm_stacked,12,3,2,1190,7,10.2,0.005,0.4335515493502192
esm_stacked,12,4,0,1190,5,7.9,0.0076,0.3425657467612583
esm_stacked,12,4,1,1190,6,8.7,0.0064,0.3798644802738286
esm_stacked,12,4,2,1190,6,8.4,0.0056,0.4023189885106244
