arm,input_set,encoding,family,config,n_seeds,rho_mean,rho_min,rho_max,mae_mean,p10_mean,pooled_mean,fit_seconds_mean,infer_per_1k,n_parameters,n_features
onehot_pep_pseudo,pep_pseudo,onehot,mlp,h256x64_l21e-05_lr0.001,3,0.6095666666666667,0.5937,0.6252,0.5173666666666666,0.6999999999999998,0.7549666666666667,2.3733333333333335,0.0008,236929,860
blosum_pep_pseudo,pep_pseudo,blosum,mlp,h256x64_l20.001_lr0.001,3,0.6026333333333334,0.5888,0.6149,0.5332666666666667,0.6,0.7464333333333334,3.16,0.0007666666666666667,236929,860
onehot_pep_domain,pep_domain,onehot,mlp,h256x64_l20.001_lr0.001,3,0.5744666666666667,0.5606,0.5937,0.5319666666666666,0.6666666666666666,0.7402000000000001,12.36,0.0024,994689,3820
blosum_pep_domain,pep_domain,blosum,mlp,h256x64_l21e-05_lr0.001,3,0.5211333333333333,0.4941,0.5445,0.5616666666666666,0.6333333333333333,0.7188,27.71666666666667,0.003966666666666666,994689,3820
blosum_pep,pep,blosum,mlp,h64_l20.001_lr0.001,3,0.2436,0.2165,0.2672,0.8053666666666667,0.4666666666666666,0.38516666666666666,0.3566666666666667,0.0001,11649,180
onehot_pep,pep,onehot,mlp,h64_l20.001_lr0.001,3,0.20173333333333332,0.1961,0.2059,0.8172,0.4000000000000001,0.35906666666666665,0.41333333333333333,0.0001,11649,180
onehot_pep_pseudo,pep_pseudo,onehot,ridge,alpha=0.1,1,0.2784,0.2784,0.2784,0.6999,0.5,0.5942,1.02,0.0006,861,860
onehot_pep_domain,pep_domain,onehot,ridge,alpha=1,1,0.274,0.274,0.274,0.6967,0.5,0.5968,26.71,0.0075,3821,3820
blosum_pep_pseudo,pep_pseudo,blosum,ridge,alpha=0.1,1,0.2698,0.2698,0.2698,0.6999,0.5,0.5944,1.1,0.0003,861,860
blosum_pep_domain,pep_domain,blosum,ridge,alpha=1,1,0.2588,0.2588,0.2588,0.6964,0.5,0.598,28.34,0.0043,3821,3820
onehot_pep,pep,onehot,ridge,alpha=100,1,0.1697,0.1697,0.1697,0.8335,0.4,0.3567,0.0,0.0001,181,180
blosum_pep,pep,blosum,ridge,alpha=1,1,0.1693,0.1693,0.1693,0.8288,0.4,0.3603,0.0,0.0001,181,180
