arm,l2,seed,fold,n_parameters,best_epoch,n_epochs,dev_mse,fit_seconds,infer_seconds_per_1k,member_median_rho,layer,stage
xattn,0.0001,0,0,94913,24,39,0.654994,12.2,0.0058,0.407188,mid,ladder
xattn,0.0001,1,0,94913,42,57,0.65767,18.0,0.0059,0.470193,mid,ladder
xattn,0.0001,2,0,94913,41,56,0.658283,17.6,0.006,0.481964,mid,ladder
xattn,0.001,0,0,94913,62,77,0.648539,24.1,0.0053,0.429589,mid,ladder
xattn,0.001,1,0,94913,75,90,0.654702,28.4,0.0053,0.479205,mid,ladder
xattn,0.001,2,0,94913,90,105,0.65229,32.9,0.0055,0.434749,mid,ladder
xattn,0.01,0,0,94913,53,68,0.679927,21.6,0.0053,0.416734,mid,ladder
xattn,0.01,1,0,94913,48,63,0.671991,19.7,0.0055,0.385814,mid,ladder
xattn,0.01,2,0,94913,60,75,0.672127,23.5,0.0057,0.411714,mid,ladder
meanpool,0.0001,0,0,94913,42,57,0.686133,7.6,0.0029,0.420402,mid,ladder
meanpool,0.0001,1,0,94913,38,53,0.699392,7.0,0.003,0.45788,mid,ladder
meanpool,0.0001,2,0,94913,80,95,0.664025,12.6,0.0029,0.419504,mid,ladder
meanpool,0.001,0,0,94913,64,79,0.667859,10.6,0.0031,0.411338,mid,ladder
meanpool,0.001,1,0,94913,40,55,0.69123,7.6,0.0026,0.461385,mid,ladder
meanpool,0.001,2,0,94913,53,68,0.663538,9.0,0.0029,0.461239,mid,ladder
meanpool,0.01,0,0,94913,62,77,0.684039,10.3,0.0027,0.400439,mid,ladder
meanpool,0.01,1,0,94913,52,67,0.675589,8.9,0.0028,0.40447,mid,ladder
meanpool,0.01,2,0,94913,85,100,0.640298,19.0,0.0083,0.408158,mid,ladder
xattn,1e-06,0,0,94913,37,52,0.653847,38.8,0.0178,0.423101,mid,ladder
xattn,1e-06,1,0,94913,42,57,0.661926,37.4,0.0054,0.490796,mid,ladder
xattn,1e-06,2,0,94913,30,45,0.666068,14.7,0.006,0.432909,mid,ladder
xattn,1e-05,0,0,94913,37,52,0.660688,18.2,0.0117,0.43361,mid,ladder
xattn,1e-05,1,0,94913,42,57,0.658549,17.2,0.0058,0.481919,mid,ladder
xattn,1e-05,2,0,94913,30,45,0.668641,14.5,0.0053,0.418445,mid,ladder
meanpool,1e-06,0,0,94913,64,79,0.685917,10.8,0.0028,0.444631,mid,ladder
meanpool,1e-06,1,0,94913,40,55,0.696546,7.3,0.0028,0.460733,mid,ladder
meanpool,1e-06,2,0,94913,60,75,0.671969,10.2,0.0027,0.433068,mid,ladder
meanpool,1e-05,0,0,94913,64,79,0.678548,10.8,0.0027,0.433,mid,ladder
meanpool,1e-05,1,0,94913,40,55,0.684556,7.6,0.003,0.464981,mid,ladder
meanpool,1e-05,2,0,94913,60,75,0.663424,10.5,0.003,0.412099,mid,ladder
