feature,boltz2_seed_sd,boltz2_arm_sd,boltz2_between_complex_sd,boltz2_ratio,esmfold2_seed_sd,esmfold2_arm_sd,esmfold2_between_complex_sd,esmfold2_ratio
pep_plddt_mean,0.000644,0.002585,0.006715,10.427564,0.005061,0.00558,0.022635,4.472086
pep_plddt_min,0.002295,0.006696,0.027932,12.169575,0.019043,0.016444,0.083069,4.362119
pep_plddt_max,4.8e-05,0.000246,0.000712,14.770661,0.00092,0.001465,0.010366,11.27065
pep_plddt_std,0.000745,0.00262,0.009574,12.854369,0.005481,0.005077,0.027919,5.093348
pep_plddt_p1,0.000161,0.001248,0.002953,18.348879,0.001349,0.003225,0.028611,21.214836
pep_plddt_p2,0.000178,0.001092,0.003394,19.072678,0.00148,0.001912,0.013525,9.13983
pep_plddt_p3,0.000258,0.001026,0.00429,16.632918,0.002483,0.00335,0.036768,14.809801
pep_plddt_p4,0.000574,0.001781,0.005455,9.507669,0.011937,0.010875,0.08013,6.712663
pep_plddt_p5,0.001263,0.004875,0.027711,21.938817,0.010995,0.010477,0.110013,10.005746
pep_plddt_p6,0.00249,0.009722,0.020658,8.294953,0.015012,0.013537,0.047691,3.176943
pep_plddt_p7,0.001233,0.005939,0.012562,10.19123,0.008431,0.01008,0.040302,4.779974
pep_plddt_p8,0.00035,0.000691,0.001563,4.467731,0.002413,0.004047,0.016455,6.820212
pep_plddt_p9,9e-05,0.000271,0.000926,10.310836,0.00096,0.002964,0.012546,13.072893
groove_plddt_mean,0.000228,0.002643,0.004463,19.591614,0.000673,0.006537,0.017271,25.681787
hla_chain_plddt_mean,0.000226,0.002616,0.004308,19.044558,0.000634,0.006345,0.016231,25.589296
alpha3_plddt_mean,0.000169,,0.002335,13.841673,0.000401,,0.008448,21.078934
beta2m_plddt_mean,0.000113,,0.001004,8.862361,0.000413,,0.002336,5.650538
complex_plddt_mean_tokens,0.000224,0.002553,0.004068,18.125247,0.000782,0.006674,0.015263,19.527619
pae_pep_rows_groove_cols_mean,0.065499,0.178234,0.305106,4.65819,0.240676,0.236938,0.993482,4.127876
pae_pep_rows_groove_cols_min,0.009342,0.023372,0.04572,4.893863,0.005772,0.008489,0.060293,10.445924
pae_pep_rows_groove_cols_max,0.25978,0.91963,1.287277,4.955266,0.98557,0.732947,4.897782,4.969492
pae_pep_rows_groove_cols_std,0.045178,0.117208,0.197811,4.37845,0.274055,0.260974,1.394103,5.086953
pae_groove_rows_pep_cols_mean,0.04567,0.125229,0.160551,3.515442,0.033314,0.196816,0.446754,13.41054
pae_groove_rows_pep_cols_min,0.005154,0.010797,0.018834,3.654248,0.005184,0.00768,0.040313,7.776115
pae_groove_rows_pep_cols_max,0.98309,5.832373,2.211819,2.249863,0.297386,6.966311,3.236551,10.883338
pae_groove_rows_pep_cols_std,0.080951,0.426946,0.210508,2.600431,0.030132,0.641723,0.92126,30.574388
pae_pep_groove_asymmetry,0.041182,0.108642,0.235088,5.708563,0.210405,0.2673,1.259027,5.983822
pae_pep_rows_groove_cols_p1,0.051456,0.127419,0.461477,8.968409,0.04545,0.089029,0.360765,7.937578
pae_groove_rows_pep_cols_p1,0.04211,0.105504,0.13677,3.247912,0.012983,0.148861,0.424639,32.706231
pae_pep_rows_groove_cols_p2,0.030112,0.09219,0.347055,11.525418,0.033072,0.057892,0.204288,6.176991
pae_groove_rows_pep_cols_p2,0.041118,0.111275,0.139668,3.396769,0.010056,0.164532,0.423223,42.086087
pae_pep_rows_groove_cols_p3,0.042543,0.095367,0.243313,5.719236,0.162513,0.143967,0.684321,4.210858
pae_groove_rows_pep_cols_p3,0.042772,0.114573,0.142918,3.341385,0.016668,0.182574,0.463305,27.796814
pae_pep_rows_groove_cols_p4,0.065168,0.159005,0.393593,6.039686,0.851039,0.683506,2.852497,3.351781
pae_groove_rows_pep_cols_p4,0.046011,0.12333,0.160568,3.489735,0.102557,0.221023,0.433,4.222041
pae_pep_rows_groove_cols_p5,0.11167,0.264413,0.692023,6.197018,0.549592,0.436514,5.061987,9.210437
pae_groove_rows_pep_cols_p5,0.049121,0.138395,0.171641,3.49426,0.08993,0.214092,0.868149,9.653556
pae_pep_rows_groove_cols_p6,0.148557,0.376236,0.849833,5.720566,0.74008,0.684895,2.639359,3.566317
pae_groove_rows_pep_cols_p6,0.0482,0.150505,0.188857,3.918181,0.084302,0.227787,0.507887,6.024586
pae_pep_rows_groove_cols_p7,0.085471,0.289044,0.532842,6.234147,0.350628,0.467715,1.442921,4.115246
pae_groove_rows_pep_cols_p7,0.048702,0.13619,0.186421,3.827821,0.050125,0.228456,0.508435,10.143431
pae_pep_rows_groove_cols_p8,0.067068,0.162408,0.290679,4.334103,0.12161,0.145919,0.504564,4.149023
pae_groove_rows_pep_cols_p8,0.047094,0.132954,0.179955,3.821201,0.013368,0.210357,0.551399,41.24681
pae_pep_rows_groove_cols_p9,0.059536,0.125757,0.300409,5.045885,0.031397,0.089303,0.463297,14.756069
pae_groove_rows_pep_cols_p9,0.04706,0.134975,0.178374,3.790342,0.010447,0.214597,0.576504,55.186033
pae_pep_intra_mean,0.022383,0.060275,0.099773,4.457652,0.086989,0.087396,0.382541,4.397578
pae_groove_intra_mean,0.046858,0.126617,0.167001,3.563958,0.014148,0.231559,0.543597,38.421767
pae_pep_rows_alpha3_cols_mean,0.097183,,0.622071,6.401007,0.28981,,1.926597,6.647786
pae_alpha3_rows_pep_cols_mean,0.073092,,0.251906,3.446419,0.046042,,0.553455,12.020769
pae_groove_rows_alpha3_cols_mean,0.04905,,0.2088,4.256862,0.008809,,0.568676,64.553304
pae_alpha3_rows_groove_cols_mean,0.062122,,0.22395,3.604993,0.043538,,0.47281,10.859702
pae_pep_rows_b2m_cols_mean,0.079614,,0.544111,6.834371,0.306778,,1.902593,6.201852
pae_b2m_rows_pep_cols_mean,0.049132,,0.121819,2.479403,0.026182,,0.157106,6.000587
pae_groove_rows_b2m_cols_mean,0.039467,,0.171775,4.352333,0.010136,,0.499837,49.313304
pae_b2m_rows_groove_cols_mean,0.043349,,0.111564,2.573601,0.020214,,0.153664,7.60196
groove_contacts_4p5A_total,4.686233,11.530131,24.776463,5.287074,14.264104,9.988305,26.035156,1.825222
groove_contacts_4p5A_mean_per_residue,0.520693,1.281126,2.75294,5.287074,1.5849,1.109812,2.892795,1.825222
groove_residues_contacted,0.42339,0.556724,3.139254,7.414565,0.605527,0.42339,2.483009,4.100576
pep_min_dist_to_groove_A,0.044286,0.076184,0.091774,2.072284,0.095022,0.062746,0.156104,1.642828
pep_max_min_dist_to_groove_A,0.11259,0.141412,0.285253,2.53355,0.353728,0.234857,0.51562,1.457677
groove_contacts_4p5A_p1,1.510506,1.634802,9.649402,6.38819,2.658472,2.265546,6.368917,2.395706
pep_min_dist_to_groove_p1,0.021201,0.031333,0.067198,3.169506,0.03968,0.031353,0.070958,1.788253
groove_contacts_4p5A_p2,0.907362,1.159178,6.140786,6.767736,3.052088,2.719053,8.941632,2.929677
pep_min_dist_to_groove_p2,0.048406,0.048817,0.154945,3.200983,0.06249,0.051762,0.204309,3.269494
groove_contacts_4p5A_p3,1.552889,3.165956,24.409553,15.7188,3.516216,3.357094,23.681801,6.735024
pep_min_dist_to_groove_p3,0.044907,0.074407,0.161005,3.585329,0.064016,0.07357,0.252636,3.946458
groove_contacts_4p5A_p4,1.781484,2.027014,8.780134,4.928552,2.993622,2.295062,6.409549,2.141069
pep_min_dist_to_groove_p4,0.098507,0.139154,0.321551,3.264247,0.319639,0.178665,0.428477,1.340502
groove_contacts_4p5A_p5,1.341599,3.259551,15.120603,11.270583,4.94405,3.864458,18.407871,3.723237
pep_min_dist_to_groove_p5,0.113686,0.265438,0.516628,4.544354,0.236336,0.189301,0.7156,3.027894
groove_contacts_4p5A_p6,1.486065,3.570897,5.975862,4.021265,3.300821,2.235193,8.31788,2.519943
pep_min_dist_to_groove_p6,0.137508,0.183908,0.429477,3.123285,0.330155,0.263128,0.557839,1.689625
groove_contacts_4p5A_p7,1.471918,2.595921,4.848252,3.293832,1.015305,1.182877,2.839931,2.79712
pep_min_dist_to_groove_p7,0.060523,0.10529,0.171709,2.837105,0.106228,0.075491,0.428514,4.033907
groove_contacts_4p5A_p8,1.530258,1.973109,8.218527,5.37068,2.105341,1.536837,8.478844,4.027303
pep_min_dist_to_groove_p8,0.040175,0.058062,0.16136,4.016389,0.056986,0.030309,0.1047,1.837297
groove_contacts_4p5A_p9,1.604921,2.077867,16.087216,10.023679,1.381596,1.40441,17.695465,12.807991
pep_min_dist_to_groove_p9,0.0522,0.110461,0.153327,2.937288,0.049792,0.036806,0.109597,2.201081
pep_sasa_alone_A2,10.176542,11.393917,145.679443,14.315221,7.387944,6.825961,153.531152,20.78131
pep_sasa_in_groove_A2,7.041313,11.632535,77.9483,11.070137,13.85922,9.844522,80.906417,5.837733
pep_buried_sasa_A2,9.885318,16.871577,91.798469,9.286345,14.578271,11.529487,86.110793,5.90679
pep_buried_sasa_frac,0.004451,0.008311,0.041138,9.243118,0.009538,0.00681,0.038067,3.991016
pep_buried_sasa_frac_p1,0.005324,0.006958,0.035241,6.619829,0.009425,0.009105,0.042443,4.503301
pep_buried_sasa_frac_p2,0.000942,0.001998,0.010781,11.448462,0.005241,0.002794,0.013079,2.495335
pep_buried_sasa_frac_p3,0.006709,0.007413,0.050543,7.533629,0.007346,0.009608,0.049159,6.691548
pep_buried_sasa_frac_p4,0.02172,0.019773,0.231434,10.655431,0.036792,0.028111,0.211644,5.752476
pep_buried_sasa_frac_p5,0.021478,0.045719,0.144224,6.714901,0.088083,0.065528,0.258692,2.936906
pep_buried_sasa_frac_p6,0.023635,0.094398,0.190106,8.043321,0.034249,0.026954,0.255686,7.465595
pep_buried_sasa_frac_p7,0.013903,0.038727,0.082585,5.940101,0.025298,0.022079,0.058702,2.320401
pep_buried_sasa_frac_p8,0.017574,0.016536,0.134988,7.681131,0.019812,0.016989,0.161758,8.164445
pep_buried_sasa_frac_p9,0.002268,0.002774,0.005852,2.579833,0.00246,0.002369,0.004676,1.900941
global_confidence_score,0.000274,0.001924,0.003333,12.172554,,,,
global_ptm,0.000845,0.001952,0.002895,3.425679,0.000744,0.004209,0.009881,13.275887
global_iptm,0.000735,0.002373,0.003148,4.285019,0.002925,0.009247,0.009546,3.263599
global_protein_iptm,0.000735,0.002373,0.003148,4.285019,,,,
global_ligand_iptm,,,,,,,,
global_complex_plddt,0.000224,0.002553,0.004068,18.125008,,,,
global_complex_iplddt,0.000186,0.001415,0.002311,12.437753,,,,
global_complex_pde,0.001349,0.003846,0.006101,4.522497,,,,
global_complex_ipde,0.005393,0.015454,0.026974,5.001538,,,,
chain_ptm_hla_chain,0.000891,0.001718,0.003299,3.702003,,,,
chain_ptm_peptide,0.00067,0.003898,0.003544,5.291623,,,,
iptm_pair_hla_chain_rows_peptide_cols,0.000686,0.003457,0.003055,4.454299,,,,
iptm_pair_peptide_rows_hla_chain_cols,0.002076,0.005209,0.01375,6.622825,,,,
is_warmup,0.11547,0.15396,0.198762,1.721326,0.03849,0.15396,0.198762,5.163978
chain_ptm_b2m,0.000171,,0.000471,2.76235,,,,
iptm_pair_b2m_rows_hla_chain_cols,0.000625,,0.002048,3.274604,,,,
iptm_pair_b2m_rows_peptide_cols,0.000645,,0.001829,2.836958,,,,
iptm_pair_hla_chain_rows_b2m_cols,0.000346,,0.00114,3.298564,,,,
iptm_pair_peptide_rows_b2m_cols,0.002695,,0.022623,8.394833,,,,
