stage,arm,encoding,l2,seed,fold,n_features,best_epoch,fit_seconds,member_median_rho,axis
ladder,cross_alone,,1e-05,0,0,306,7,0.8,0.276399,
ladder,cross_alone,,1e-05,1,0,306,9,0.9,0.319198,
ladder,cross_alone,,1e-05,2,0,306,11,0.9,0.303465,
ladder,cross_alone,,0.0001,0,0,306,7,0.8,0.27108,
ladder,cross_alone,,0.0001,1,0,306,9,0.9,0.325628,
ladder,cross_alone,,0.0001,2,0,306,11,0.9,0.284031,
ladder,cross_alone,,0.001,0,0,306,12,1.0,0.336297,
ladder,cross_alone,,0.001,1,0,306,20,1.3,0.340135,
ladder,cross_alone,,0.001,2,0,306,31,1.7,0.366774,
ladder,cross_alone,,0.01,0,0,306,20,1.2,0.331205,
ladder,cross_alone,,0.01,1,0,306,20,1.2,0.326161,
ladder,cross_alone,,0.01,2,0,306,19,1.2,0.35537,
ladder,cross_alone,,0.1,0,0,306,57,2.5,0.241168,
ladder,cross_alone,,0.1,1,0,306,40,1.9,0.263205,
ladder,cross_alone,,0.1,2,0,306,67,2.8,0.212141,
ladder,cross_stacked,onehot,1e-05,0,0,1166,12,2.0,0.548859,
ladder,cross_stacked,onehot,1e-05,1,0,1166,19,2.5,0.561157,
ladder,cross_stacked,onehot,1e-05,2,0,1166,13,2.1,0.562897,
ladder,cross_stacked,onehot,0.0001,0,0,1166,27,3.1,0.547076,
ladder,cross_stacked,onehot,0.0001,1,0,1166,19,2.5,0.559962,
ladder,cross_stacked,onehot,0.0001,2,0,1166,13,2.0,0.574233,
ladder,cross_stacked,onehot,0.001,0,0,1166,22,2.7,0.551045,
ladder,cross_stacked,onehot,0.001,1,0,1166,18,2.4,0.580482,
ladder,cross_stacked,onehot,0.001,2,0,1166,26,3.0,0.552459,
ladder,cross_stacked,onehot,0.01,0,0,1166,22,2.7,0.566759,
ladder,cross_stacked,onehot,0.01,1,0,1166,26,3.0,0.593704,
ladder,cross_stacked,onehot,0.01,2,0,1166,13,2.0,0.531938,
ladder,cross_stacked,onehot,0.1,0,0,1166,61,5.6,0.332512,
ladder,cross_stacked,onehot,0.1,1,0,1166,62,5.7,0.3579,
ladder,cross_stacked,onehot,0.1,2,0,1166,56,5.2,0.360002,
ensemble_member,cross_alone,,0.001,0,0,306,12,0.9,0.336297,l2=0.001
ensemble_member,cross_alone,,0.001,1,0,306,20,1.2,0.340135,l2=0.001
ensemble_member,cross_alone,,0.001,2,0,306,31,1.6,0.366774,l2=0.001
ensemble_member,cross_alone,,0.001,0,1,306,13,0.9,0.339233,l2=0.001
ensemble_member,cross_alone,,0.001,1,1,306,9,0.8,0.310454,l2=0.001
ensemble_member,cross_alone,,0.001,2,1,306,8,0.8,0.30347,l2=0.001
ensemble_member,cross_alone,,0.001,0,2,306,9,0.8,0.319048,l2=0.001
ensemble_member,cross_alone,,0.001,1,2,306,10,0.8,0.332531,l2=0.001
ensemble_member,cross_alone,,0.001,2,2,306,9,0.8,0.260642,l2=0.001
ensemble_member,cross_alone,,0.001,0,3,306,19,1.2,0.367835,l2=0.001
ensemble_member,cross_alone,,0.001,1,3,306,18,1.1,0.347391,l2=0.001
ensemble_member,cross_alone,,0.001,2,3,306,13,1.0,0.290835,l2=0.001
ensemble_member,cross_alone,,0.001,0,4,306,11,0.9,0.331655,l2=0.001
ensemble_member,cross_alone,,0.001,1,4,306,13,1.0,0.382167,l2=0.001
ensemble_member,cross_alone,,0.001,2,4,306,17,1.1,0.326854,l2=0.001
ensemble_member,cross_alone,,0.01,0,0,306,20,1.2,0.331205,l2=0.01
ensemble_member,cross_alone,,0.01,1,0,306,20,1.2,0.326161,l2=0.01
ensemble_member,cross_alone,,0.01,2,0,306,19,1.2,0.35537,l2=0.01
ensemble_member,cross_alone,,0.01,0,1,306,29,1.5,0.40495,l2=0.01
ensemble_member,cross_alone,,0.01,1,1,306,10,0.8,0.32749,l2=0.01
ensemble_member,cross_alone,,0.01,2,1,306,12,0.9,0.355796,l2=0.01
ensemble_member,cross_alone,,0.01,0,2,306,33,1.6,0.34046,l2=0.01
ensemble_member,cross_alone,,0.01,1,2,306,24,1.3,0.306502,l2=0.01
ensemble_member,cross_alone,,0.01,2,2,306,40,1.8,0.359861,l2=0.01
ensemble_member,cross_alone,,0.01,0,3,306,21,1.3,0.332281,l2=0.01
ensemble_member,cross_alone,,0.01,1,3,306,17,1.1,0.393254,l2=0.01
ensemble_member,cross_alone,,0.01,2,3,306,27,1.4,0.367933,l2=0.01
ensemble_member,cross_alone,,0.01,0,4,306,30,1.5,0.345031,l2=0.01
ensemble_member,cross_alone,,0.01,1,4,306,21,1.3,0.363212,l2=0.01
ensemble_member,cross_alone,,0.01,2,4,306,17,1.1,0.345799,l2=0.01
ensemble_member,cross_stacked,onehot,0.01,0,0,1166,22,3.0,0.566759,onehot
ensemble_member,cross_stacked,onehot,0.01,1,0,1166,26,3.0,0.593704,onehot
ensemble_member,cross_stacked,onehot,0.01,2,0,1166,13,2.0,0.531938,onehot
ensemble_member,cross_stacked,onehot,0.01,0,1,1166,19,2.5,0.556364,onehot
ensemble_member,cross_stacked,onehot,0.01,1,1,1166,31,3.5,0.53146,onehot
ensemble_member,cross_stacked,onehot,0.01,2,1,1166,27,3.1,0.563468,onehot
ensemble_member,cross_stacked,onehot,0.01,0,2,1166,16,2.2,0.52159,onehot
ensemble_member,cross_stacked,onehot,0.01,1,2,1166,47,4.5,0.519883,onehot
ensemble_member,cross_stacked,onehot,0.01,2,2,1166,21,2.8,0.558657,onehot
ensemble_member,cross_stacked,onehot,0.01,0,3,1166,18,2.6,0.552055,onehot
ensemble_member,cross_stacked,onehot,0.01,1,3,1166,19,2.8,0.537914,onehot
ensemble_member,cross_stacked,onehot,0.01,2,3,1166,22,2.8,0.560063,onehot
ensemble_member,cross_stacked,onehot,0.01,0,4,1166,21,3.2,0.532782,onehot
ensemble_member,cross_stacked,onehot,0.01,1,4,1166,42,4.3,0.575716,onehot
ensemble_member,cross_stacked,onehot,0.01,2,4,1166,22,2.8,0.551032,onehot
ensemble_member,cross_stacked,blosum,0.01,0,0,1166,35,4.0,0.522666,blosum
ensemble_member,cross_stacked,blosum,0.01,1,0,1166,42,4.3,0.518844,blosum
ensemble_member,cross_stacked,blosum,0.01,2,0,1166,31,3.5,0.520002,blosum
ensemble_member,cross_stacked,blosum,0.01,0,1,1166,44,4.5,0.522342,blosum
ensemble_member,cross_stacked,blosum,0.01,1,1,1166,36,3.9,0.525548,blosum
ensemble_member,cross_stacked,blosum,0.01,2,1,1166,44,4.5,0.539766,blosum
ensemble_member,cross_stacked,blosum,0.01,0,2,1166,37,4.2,0.530304,blosum
ensemble_member,cross_stacked,blosum,0.01,1,2,1166,41,4.4,0.499228,blosum
ensemble_member,cross_stacked,blosum,0.01,2,2,1166,37,4.1,0.502451,blosum
ensemble_member,cross_stacked,blosum,0.01,0,3,1166,38,4.1,0.521542,blosum
ensemble_member,cross_stacked,blosum,0.01,1,3,1166,49,5.1,0.528892,blosum
ensemble_member,cross_stacked,blosum,0.01,2,3,1166,18,2.5,0.528782,blosum
ensemble_member,cross_stacked,blosum,0.01,0,4,1166,27,3.4,0.531303,blosum
ensemble_member,cross_stacked,blosum,0.01,1,4,1166,34,4.0,0.524362,blosum
ensemble_member,cross_stacked,blosum,0.01,2,4,1166,31,3.7,0.522762,blosum
