model,seed,complex_id,allele,arm,pdb_id,pred_hla_chain,pred_peptide_chain,crystal_hla_chain,crystal_peptide_chain,hla_ca_rmsd,peptide_ca_rmsd,peptide_heavy_rmsd,heavy_atom_count,reference_heavy_atoms,heavy_atom_coverage,dev_p2,dev_p9,per_position_ca,heavy_atom_counts,peptide_plddt,peptide_to_groove_pae_mean,groove_to_peptide_pae_mean,groove_contacts_4p5A,pae_shape,plddt_shape,status,peak_gpu_gb,fold_s
boltz2,0,A0201_LLWNGPMAV,HLA-A*02:01,A,5N6B,A,C,A,C,0.2736852261405149,0.1670686021655275,0.25752373095261183,69,69,1.0,0.15536139533374646,0.15743985128277108,"[0.16810078567996128, 0.15536139533374646, 0.1047211116662566, 0.14091075494523544, 0.1343104672894223, 0.22740207674980864, 0.180001113372326, 0.20261085200679932, 0.15743985128277108]","[8, 8, 14, 8, 4, 7, 8, 5, 7]","[0.9898496866226196, 0.989995002746582, 0.9899922609329224, 0.9898510575294495, 0.9899505972862244, 0.9899269342422485, 0.9898264408111572, 0.9899609088897705, 0.9899390935897827]",1.1620525121688843,1.0815435647964478,"[73, 65, 80, 5, 5, 21, 20, 18, 60]","[191, 191]",[191],ok,5.94,9.87457658599999
boltz2,0,A0201_LLWNGPMAV,HLA-A*02:01,B,5N6B,A,C,A,C,0.1820009331411449,0.1440409434560841,0.24261400975974542,69,69,1.0,0.15081150621578884,0.13183413337440553,"[0.15056445578977815, 0.15081150621578884, 0.09779011566533542, 0.16973174606841293, 0.10432235549685316, 0.20927602920070207, 0.09020558541995868, 0.15082342592544284, 0.13183413337440553]","[8, 8, 14, 8, 4, 7, 8, 5, 7]","[0.9899722337722778, 0.9899981021881104, 0.9899946451187134, 0.9899183511734009, 0.9899551272392273, 0.9899224042892456, 0.9897848963737488, 0.9899243116378784, 0.9899832010269165]",1.20134437084198,0.9999664425849915,"[71, 65, 85, 5, 9, 18, 14, 18, 59]","[383, 383]",[383],ok,5.94,17.240275647999994
boltz2,0,A0201_LLWNGPMAV,HLA-A*02:01,C,5N6B,A,C,A,C,0.30805695159070756,0.18094917774439437,0.26422013758318946,69,69,1.0,0.15156787913540337,0.13285038793369136,"[0.156788882949344, 0.15156787913540337, 0.10013490839967097, 0.20486682241903714, 0.18879473666636387, 0.28609278177975705, 0.18562448887849609, 0.15978812503444711, 0.13285038793369136]","[8, 8, 14, 8, 4, 7, 8, 5, 7]","[0.9898486137390137, 0.9899953007698059, 0.9899930357933044, 0.9898526668548584, 0.9899373650550842, 0.9899135828018188, 0.989800214767456, 0.9899269342422485, 0.9899171590805054]",1.1890569925308228,1.112297534942627,"[73, 66, 79, 5, 5, 20, 17, 18, 60]","[191, 191]",[191],ok,5.94,9.877086785000003
boltz2,0,A1101_KTFPPTEPK,HLA-A*11:01,A,1X7Q,A,C,A,C,0.33976936331550484,0.4957400448417272,1.0450942367286995,73,73,1.0,0.11552866758777532,0.16619506020327024,"[0.08630942963186375, 0.11552866758777532, 0.19116154797463003, 0.502152643743465, 0.6964164786260046, 0.9884444895297085, 0.6256594311340946, 0.1457346233055425, 0.16619506020327024]","[9, 7, 11, 7, 7, 7, 9, 7, 9]","[0.9871544241905212, 0.9899052381515503, 0.9897592067718506, 0.9774782657623291, 0.97432941198349, 0.9758568406105042, 0.9818017482757568, 0.9874140620231628, 0.9897080063819885]",2.1963460445404053,1.571654200553894,"[95, 51, 61, 6, 18, 23, 17, 14, 70]","[191, 191]",[191],ok,5.94,74.443747024
boltz2,0,A1101_KTFPPTEPK,HLA-A*11:01,B,1X7Q,A,C,A,C,0.21561743709863762,0.1944990753943657,0.6245875673595369,73,73,1.0,0.07559472036326027,0.15762007150392474,"[0.15172040290675268, 0.07559472036326027, 0.14737274513785634, 0.19287459247212302, 0.05463517698283938, 0.40492608273767733, 0.21549574210623704, 0.12076174591144218, 0.15762007150392474]","[9, 7, 11, 7, 7, 7, 9, 7, 9]","[0.988113284111023, 0.9897575974464417, 0.9892265200614929, 0.9748334884643555, 0.9638602137565613, 0.9615376591682434, 0.9789977073669434, 0.9848655462265015, 0.9894729256629944]",1.3166545629501343,0.871286153793335,"[94, 53, 55, 7, 24, 14, 16, 12, 73]","[383, 383]",[383],ok,5.94,16.744989527
boltz2,0,A1101_KTFPPTEPK,HLA-A*11:01,C,1X7Q,A,C,A,C,0.3507586220445782,0.4093977069490307,0.8515683604574639,73,73,1.0,0.037982174479729465,0.18456330035536422,"[0.19882229502088175, 0.037982174479729465, 0.1723029881240321, 0.44789924561942657, 0.5866683387936601, 0.8131230950677908, 0.4173696120622938, 0.15353639695847018, 0.18456330035536422]","[9, 7, 11, 7, 7, 7, 9, 7, 9]","[0.9867785573005676, 0.9899346828460693, 0.9897664785385132, 0.9766596555709839, 0.9742265343666077, 0.9740806818008423, 0.9803970456123352, 0.9871577024459839, 0.9897429943084717]",2.0550129413604736,1.4063034057617188,"[94, 52, 64, 6, 20, 22, 16, 15, 76]","[191, 191]",[191],ok,5.94,9.880896002000014
boltz2,0,B0702_IPRRNVATL,HLA-B*07:02,A,7LFZ,A,C,A,C,0.31911461128317586,1.30818700477619,2.2995412432192612,72,72,1.0,0.1507366187616881,0.13752829147409726,"[0.19244561413283295, 0.1507366187616881, 0.04004355022384131, 0.15092597580223993, 1.8407671358692896, 3.3946815690162397, 0.6021368439066523, 0.15579076739654577, 0.13752829147409726]","[8, 7, 11, 11, 8, 7, 5, 7, 8]","[0.9894810914993286, 0.9897943735122681, 0.9780271053314209, 0.9800357818603516, 0.9172409772872925, 0.9468117356300354, 0.9801145792007446, 0.9891948699951172, 0.9896895289421082]",1.5498201847076416,1.0845625400543213,"[69, 58, 71, 18, 38, 23, 21, 30, 64]","[191, 191]",[191],ok,5.94,10.140838602000002
boltz2,0,B0702_IPRRNVATL,HLA-B*07:02,B,7LFZ,A,C,A,C,0.22243494979381873,0.1755997574834701,0.2561028484258617,72,72,1.0,0.15795892765211905,0.11728501069000719,"[0.2278406563620231, 0.15795892765211905, 0.13990755921815864, 0.04512667828704605, 0.27743197899661065, 0.16608574733780399, 0.22923093977507208, 0.09049291572681838, 0.11728501069000719]","[8, 7, 11, 11, 8, 7, 5, 7, 8]","[0.989582359790802, 0.9898601770401001, 0.9826694130897522, 0.9803788661956787, 0.9250620603561401, 0.910268247127533, 0.9600234031677246, 0.9891811609268188, 0.9897414445877075]",1.9592159986495972,1.0971007347106934,"[71, 57, 77, 16, 22, 6, 12, 27, 58]","[383, 383]",[383],ok,6.11,102.234467668
boltz2,0,B0702_IPRRNVATL,HLA-B*07:02,C,7LFZ,A,C,A,C,0.3953917479904434,1.2646699010966347,2.263020422671483,72,72,1.0,0.1495038883352487,0.09472376105947322,"[0.15372308149990505, 0.1495038883352487, 0.07602251320513016, 0.1766251473423807, 1.7964800187794052, 3.2659789373283807, 0.6296461918377368, 0.11029855078707097, 0.09472376105947322]","[8, 7, 11, 11, 8, 7, 5, 7, 8]","[0.9894888997077942, 0.9897997975349426, 0.9793471693992615, 0.9804738163948059, 0.9211243391036987, 0.9449743032455444, 0.9782707691192627, 0.9891197681427002, 0.9896802306175232]",1.3755273818969727,0.9893265962600708,"[71, 56, 73, 20, 38, 23, 20, 31, 60]","[191, 191]",[191],ok,5.94,9.876540231000007
boltz2,0,B0801_ELRRKMMYM,HLA-B*08:01,A,4QRU,A,C,A,C,0.3366300913829671,0.2685216762340837,0.7010202158119215,84,84,1.0,0.27786562887043514,0.18535802455392877,"[0.1167857055326023, 0.27786562887043514, 0.36169807871245746, 0.3924559408078069, 0.24894752536263548, 0.32180162240652077, 0.2160584775462392, 0.1633083695661128, 0.18535802455392877]","[9, 8, 11, 11, 9, 8, 8, 12, 8]","[0.9815853834152222, 0.9807102680206299, 0.9848284125328064, 0.9847822785377502, 0.9878808259963989, 0.971556544303894, 0.9822015166282654, 0.9877730011940002, 0.9880757927894592]",1.4888368844985962,1.298093557357788,"[73, 55, 85, 26, 42, 12, 22, 29, 65]","[191, 191]",[191],ok,5.94,9.865415116999998
boltz2,0,B0801_ELRRKMMYM,HLA-B*08:01,B,4QRU,A,C,A,C,0.19643800183669638,0.20288264908970796,0.36834090524722946,84,84,1.0,0.13062932457778276,0.20892653833196825,"[0.050589337250371624, 0.13062932457778276, 0.2350678509354064, 0.22089159326578645, 0.19048825855281334, 0.30510469752294095, 0.19647281801289385, 0.18749003167793934, 0.20892653833196825]","[9, 8, 11, 11, 9, 8, 8, 12, 8]","[0.9886738061904907, 0.9879903197288513, 0.9872118234634399, 0.9887203574180603, 0.9893817901611328, 0.9843935966491699, 0.9879764318466187, 0.988800585269928, 0.9889971613883972]",1.2918273210525513,1.1013214588165283,"[77, 51, 78, 22, 43, 9, 22, 25, 64]","[383, 383]",[383],ok,5.94,16.750534076999998
boltz2,0,B0801_ELRRKMMYM,HLA-B*08:01,C,4QRU,A,C,A,C,0.340487550581644,0.2207476016794806,0.6344446252056066,84,84,1.0,0.16250670908649426,0.2152151560488513,"[0.17414975256000684, 0.16250670908649426, 0.1475043120223014, 0.31014070507616853, 0.25656995831121526, 0.2824889898785029, 0.19216185563227886, 0.18711566459403198, 0.2152151560488513]","[9, 8, 11, 11, 9, 8, 8, 12, 8]","[0.9789564609527588, 0.979575514793396, 0.9852451086044312, 0.9842960834503174, 0.9877831935882568, 0.9697456359863281, 0.9809362888336182, 0.9875773191452026, 0.9872691035270691]",1.467730164527893,1.2623481750488281,"[73, 56, 84, 24, 43, 10, 19, 26, 65]","[191, 191]",[191],ok,5.94,9.89355494999998
boltz2,0,B1501_ILGPPGSVY,HLA-B*15:01,A,1XR9,A,C,A,C,0.25057844518903566,0.41715326630602045,0.45865920983638214,63,63,1.0,0.036889254030944306,0.09566129354416422,"[0.1706928183417393, 0.036889254030944306, 0.265880677006961, 0.3342551102225626, 0.38981819979691645, 0.8690289219510509, 0.6187357115409966, 0.2325538647218129, 0.09566129354416422]","[8, 8, 4, 7, 7, 4, 6, 7, 12]","[0.9892069697380066, 0.9896126389503479, 0.9892304539680481, 0.9811299443244934, 0.9598466753959656, 0.9544432163238525, 0.9469378590583801, 0.9882835149765015, 0.9897568225860596]",1.5089218616485596,1.0186173915863037,"[74, 65, 24, 28, 11, 9, 22, 33, 96]","[191, 191]",[191],ok,5.94,9.874421467999994
boltz2,0,B1501_ILGPPGSVY,HLA-B*15:01,B,1XR9,A,C,A,C,0.15219874183182783,0.3402897280832929,0.42422195554621,63,63,1.0,0.1172788813805898,0.13161549267469386,"[0.14037784443927076, 0.1172788813805898, 0.1971449790303768, 0.20363032593735414, 0.29852821628033926, 0.6939945246135488, 0.49499830938443506, 0.30868868364570046, 0.13161549267469386]","[8, 8, 4, 7, 7, 4, 6, 7, 12]","[0.9899664521217346, 0.9899082183837891, 0.9898059964179993, 0.9888297915458679, 0.9870991110801697, 0.9793875813484192, 0.9767149686813354, 0.9894652366638184, 0.9899102449417114]",1.3940824270248413,0.8267256617546082,"[79, 64, 23, 26, 14, 8, 28, 33, 98]","[383, 383]",[383],ok,5.94,16.750614302000002
boltz2,0,B1501_ILGPPGSVY,HLA-B*15:01,C,1XR9,A,C,A,C,0.29968312137165437,0.5451483371507401,0.5311428688894361,63,63,1.0,0.09025280152412925,0.09406840563146138,"[0.11472148006694408, 0.09025280152412925, 0.23816566988345705, 0.35040689505937656, 0.5164709956487771, 1.2844252456251462, 0.7292467784867568, 0.12932784340212916, 0.09406840563146138]","[8, 8, 4, 7, 7, 4, 6, 7, 12]","[0.9891786575317383, 0.9896401762962341, 0.9890846610069275, 0.9804620146751404, 0.9629983901977539, 0.9595149755477905, 0.9524317979812622, 0.988413393497467, 0.9897196888923645]",1.3873571157455444,1.0098904371261597,"[76, 68, 25, 20, 12, 9, 27, 33, 96]","[191, 191]",[191],ok,5.94,9.886235090000014
boltz2,1,A0201_LLWNGPMAV,HLA-A*02:01,A,5N6B,A,C,A,C,0.308627756593855,0.19799684738505355,0.28977242613630094,69,69,1.0,0.1679725523196195,0.1714995044464997,"[0.16925685633631501, 0.1679725523196195, 0.12795931107640673, 0.21389240525897146, 0.19983882184417193, 0.286461008086512, 0.2109433788939848, 0.19476627815649228, 0.1714995044464997]","[8, 8, 14, 8, 4, 7, 8, 5, 7]","[0.9898465275764465, 0.9899947643280029, 0.9899914860725403, 0.9898301362991333, 0.9899419546127319, 0.9899182915687561, 0.989798367023468, 0.989941418170929, 0.9899365305900574]",1.2010383605957031,1.1117222309112549,"[73, 64, 77, 5, 4, 20, 17, 19, 58]","[191, 191]",[191],ok,5.94,10.144230295
boltz2,1,A0201_LLWNGPMAV,HLA-A*02:01,B,5N6B,A,C,A,C,0.17423504187288968,0.14086874330282456,0.22821307712638797,69,69,1.0,0.15881759621626612,0.1419876202207673,"[0.15262934207556875, 0.15881759621626612, 0.09938666690797932, 0.1567627259869353, 0.08239475707191887, 0.1592075237719633, 0.10969960116593852, 0.17690279929589459, 0.1419876202207673]","[8, 8, 14, 8, 4, 7, 8, 5, 7]","[0.9899739623069763, 0.9899981021881104, 0.9899951815605164, 0.989930272102356, 0.9899596571922302, 0.9899458289146423, 0.989812433719635, 0.9899563789367676, 0.9899860620498657]",1.175201416015625,0.9928120970726013,"[72, 66, 87, 5, 10, 20, 16, 18, 59]","[383, 383]",[383],ok,5.94,17.257340219000014
boltz2,1,A0201_LLWNGPMAV,HLA-A*02:01,C,5N6B,A,C,A,C,0.29929564381180723,0.18532808064777775,0.2637864871245742,69,69,1.0,0.1543880174526389,0.14500948674496422,"[0.1587240742221622, 0.1543880174526389, 0.12023303341366867, 0.19511001426611055, 0.20940218607918046, 0.2720089607887488, 0.1852734732543047, 0.18540071252836013, 0.14500948674496422]","[8, 8, 14, 8, 4, 7, 8, 5, 7]","[0.9898403882980347, 0.9899951219558716, 0.9899926781654358, 0.9898397326469421, 0.989927351474762, 0.9899053573608398, 0.9897897839546204, 0.9899386167526245, 0.9899187684059143]",1.1355043649673462,1.0604151487350464,"[73, 65, 80, 5, 5, 20, 19, 19, 60]","[191, 191]",[191],ok,5.94,76.74082308599999
boltz2,1,A1101_KTFPPTEPK,HLA-A*11:01,A,1X7Q,A,C,A,C,0.3397856479326563,0.4949462238611928,0.9302857956167159,73,73,1.0,0.08715630426150113,0.12819307683698034,"[0.1182476842364209, 0.08715630426150113, 0.22825428198922576, 0.44137830028618846, 0.6383932871244044, 1.0911661205452585, 0.5598254657757983, 0.09069076286497493, 0.12819307683698034]","[9, 7, 11, 7, 7, 7, 9, 7, 9]","[0.9870955348014832, 0.9899165034294128, 0.989783763885498, 0.977319598197937, 0.9754772186279297, 0.9769325256347656, 0.9817716479301453, 0.9868323802947998, 0.9897149205207825]",1.970278024673462,1.4596514701843262,"[91, 52, 61, 7, 18, 23, 16, 14, 71]","[191, 191]",[191],ok,5.94,10.120882625000007
boltz2,1,A1101_KTFPPTEPK,HLA-A*11:01,B,1X7Q,A,C,A,C,0.22101137429164677,0.22086796759020502,0.40620829341875886,73,73,1.0,0.12670013530374225,0.14657708284128212,"[0.141348582383945, 0.12670013530374225, 0.15919070312298098, 0.23830123673825251, 0.3997645919239581, 0.33854318698082764, 0.13875471481074939, 0.0756405714111591, 0.14657708284128212]","[9, 7, 11, 7, 7, 7, 9, 7, 9]","[0.9878306984901428, 0.9897306561470032, 0.9890735149383545, 0.9745208621025085, 0.9633466005325317, 0.9603017568588257, 0.9787344932556152, 0.985859751701355, 0.9894668459892273]",1.2079153060913086,0.8617081046104431,"[96, 55, 56, 9, 23, 11, 17, 13, 75]","[383, 383]",[383],ok,5.94,17.02945314499999
boltz2,1,A1101_KTFPPTEPK,HLA-A*11:01,C,1X7Q,A,C,A,C,0.34335687404641363,0.5684715269478272,0.9924605856557658,73,73,1.0,0.12366949175753839,0.24054359546157159,"[0.10124038499266177, 0.12366949175753839, 0.29035968465094697, 0.3895741308718163, 0.6926196762101471, 1.2245331032804438, 0.7472684900261011, 0.22659132703357607, 0.24054359546157159]","[9, 7, 11, 7, 7, 7, 9, 7, 9]","[0.9869740009307861, 0.9899394512176514, 0.9898025393486023, 0.9777050018310547, 0.9753804802894592, 0.9768003225326538, 0.9792746901512146, 0.9871257543563843, 0.9897716045379639]",1.6896750926971436,1.297196388244629,"[91, 52, 64, 7, 18, 25, 17, 17, 73]","[191, 191]",[191],ok,5.94,10.123005597000002
boltz2,1,B0702_IPRRNVATL,HLA-B*07:02,A,7LFZ,A,C,A,C,0.4036536532289875,1.298982688773761,2.306443099050533,72,72,1.0,0.17165270677764569,0.13919583082159548,"[0.17715561265358454, 0.17165270677764569, 0.08837364460449745, 0.1902088414938908, 1.8824249607043684, 3.353075709730462, 0.5143632207888449, 0.10383021832600538, 0.13919583082159548]","[8, 7, 11, 11, 8, 7, 5, 7, 8]","[0.989508330821991, 0.9898210763931274, 0.9779741168022156, 0.9811514616012573, 0.9212503433227539, 0.9505259394645691, 0.9796040654182434, 0.9891808032989502, 0.9897016286849976]",1.5520786046981812,1.1346040964126587,"[70, 56, 72, 20, 37, 22, 22, 29, 59]","[191, 191]",[191],ok,5.94,10.124363447999997
boltz2,1,B0702_IPRRNVATL,HLA-B*07:02,B,7LFZ,A,C,A,C,0.18898403453431492,0.1778034555943809,0.31755230782386246,72,72,1.0,0.13368910405261178,0.11354265250015624,"[0.21364208232844223, 0.13368910405261178, 0.13185933797284644, 0.05380607694180667, 0.34654783395682787, 0.1335316358754464, 0.19746590975148878, 0.10448974174866475, 0.11354265250015624]","[8, 7, 11, 11, 8, 7, 5, 7, 8]","[0.9896569848060608, 0.9898905158042908, 0.9836447238922119, 0.9808934330940247, 0.9325160980224609, 0.9177696108818054, 0.9637423753738403, 0.9893497824668884, 0.989782989025116]",1.8807543516159058,1.0255789756774902,"[68, 57, 80, 12, 20, 5, 9, 25, 55]","[383, 383]",[383],ok,5.94,16.760775076000016
boltz2,1,B0702_IPRRNVATL,HLA-B*07:02,C,7LFZ,A,C,A,C,0.3756692283243004,1.2943596412805325,2.185413719998097,72,72,1.0,0.14615914465363275,0.06206946606916795,"[0.15417905919052655, 0.14615914465363275, 0.04913796930612991, 0.29746911662539127, 2.076478464747272, 3.2238098543316065, 0.46952513421136727, 0.11509376104535776, 0.06206946606916795]","[8, 7, 11, 11, 8, 7, 5, 7, 8]","[0.9895551800727844, 0.989834189414978, 0.9790540933609009, 0.9822027683258057, 0.9235191941261292, 0.9570295810699463, 0.9813975691795349, 0.9893234372138977, 0.9897358417510986]",1.5472530126571655,1.0573619604110718,"[70, 55, 72, 20, 30, 21, 21, 29, 61]","[191, 191]",[191],ok,5.94,10.132976152999987
boltz2,1,B0801_ELRRKMMYM,HLA-B*08:01,A,4QRU,A,C,A,C,0.31778153876895854,0.2955353229263669,1.3103662627058081,84,84,1.0,0.23007268478966422,0.3067021184370427,"[0.12769274491949342, 0.23007268478966422, 0.27650882955201217, 0.29425134773802214, 0.2273475129414441, 0.39086146707176755, 0.27252899454860513, 0.42543208343032224, 0.3067021184370427]","[9, 8, 11, 11, 9, 8, 8, 12, 8]","[0.9810242652893066, 0.979537844657898, 0.9849990606307983, 0.9842591285705566, 0.9876937866210938, 0.9694278836250305, 0.9800110459327698, 0.9827057719230652, 0.987499475479126]",1.571001648902893,1.3146393299102783,"[72, 56, 85, 24, 43, 9, 21, 40, 65]","[191, 191]",[191],ok,5.94,10.152331895000003
boltz2,1,B0801_ELRRKMMYM,HLA-B*08:01,B,4QRU,A,C,A,C,0.2330425182175634,0.1677278477940659,0.3533267596778625,84,84,1.0,0.10747766443449047,0.2075465287960665,"[0.05281431381319514, 0.10747766443449047, 0.20546588572233404, 0.18148726637809381, 0.12584137856692604, 0.19581234224262126, 0.1745279008644608, 0.1896969806089141, 0.2075465287960665]","[9, 8, 11, 11, 9, 8, 8, 12, 8]","[0.9890481233596802, 0.9882397055625916, 0.9877423644065857, 0.9890390634536743, 0.9894475936889648, 0.985509991645813, 0.9882296919822693, 0.988961935043335, 0.9889545440673828]",1.3282256126403809,1.1343096494674683,"[75, 54, 81, 22, 43, 9, 22, 26, 63]","[383, 383]",[383],ok,5.94,17.08032251199998
boltz2,1,B0801_ELRRKMMYM,HLA-B*08:01,C,4QRU,A,C,A,C,0.34683188593405856,0.22433695359426148,1.4324139839977355,84,84,1.0,0.08086055178814637,0.2884426200185775,"[0.06554714307678088, 0.08086055178814637, 0.10435452502609381, 0.30647044721720984, 0.2584581089570188, 0.26453586024130205, 0.24719770141019054, 0.2370845755310279, 0.2884426200185775]","[9, 8, 11, 11, 9, 8, 8, 12, 8]","[0.9804648160934448, 0.9796486496925354, 0.9856246113777161, 0.9848597645759583, 0.9878938794136047, 0.9726837873458862, 0.9805242419242859, 0.9878394603729248, 0.9867101907730103]",1.360852837562561,1.1859533786773682,"[74, 56, 77, 14, 42, 12, 23, 32, 67]","[191, 191]",[191],ok,5.94,10.134182318
boltz2,1,B1501_ILGPPGSVY,HLA-B*15:01,A,1XR9,A,C,A,C,0.3285030462565288,0.5001627318165062,0.49567283372502385,63,63,1.0,0.07533675569469692,0.06386956577332355,"[0.14323334422107217, 0.07533675569469692, 0.24510973817907342, 0.20863219368359884, 0.5610034713009013, 1.1414319155729662, 0.6687247042516783, 0.22979004945330894, 0.06386956577332355]","[8, 8, 4, 7, 7, 4, 6, 7, 12]","[0.989234447479248, 0.9896867871284485, 0.9892860054969788, 0.9824856519699097, 0.9664008021354675, 0.9620420932769775, 0.9559292197227478, 0.9886285066604614, 0.9897709488868713]",1.338393211364746,0.9523633718490601,"[75, 67, 24, 22, 13, 9, 28, 24, 98]","[191, 191]",[191],ok,5.94,10.153607676999997
boltz2,1,B1501_ILGPPGSVY,HLA-B*15:01,B,1XR9,A,C,A,C,0.16838592251312015,0.3687207811617125,0.4342562912235841,63,63,1.0,0.1045984048534354,0.17217831914254667,"[0.12023229273238505, 0.1045984048534354, 0.2178343043469639, 0.23249470292327054, 0.3540407158000516, 0.7239257441142871, 0.5766664059757415, 0.29170207368801465, 0.17217831914254667]","[8, 8, 4, 7, 7, 4, 6, 7, 12]","[0.9899629950523376, 0.9898765087127686, 0.9897965788841248, 0.9889453053474426, 0.9875434041023254, 0.9801727533340454, 0.9783660769462585, 0.9895139932632446, 0.9899216890335083]",1.3946479558944702,0.8466963171958923,"[77, 65, 23, 27, 13, 9, 28, 33, 98]","[383, 383]",[383],ok,5.94,16.807382824
boltz2,1,B1501_ILGPPGSVY,HLA-B*15:01,C,1XR9,A,C,A,C,0.2803439405753806,0.5451471368552163,0.516947107582395,63,63,1.0,0.03432237720855658,0.09238130555580287,"[0.15032040842737446, 0.03432237720855658, 0.2749173176659637, 0.30437742510660015, 0.5545408580467397, 1.2793189740970927, 0.7127415345625142, 0.14819516430704985, 0.09238130555580287]","[8, 8, 4, 7, 7, 4, 6, 7, 12]","[0.989302933216095, 0.9896817803382874, 0.9892899394035339, 0.9816396236419678, 0.9647387862205505, 0.9616036415100098, 0.9572681188583374, 0.9886519908905029, 0.9898056387901306]",1.3668230772018433,1.001258134841919,"[76, 67, 24, 22, 11, 10, 30, 32, 101]","[191, 191]",[191],ok,5.94,10.397634979000003
boltz2,2,A0201_LLWNGPMAV,HLA-A*02:01,A,5N6B,A,C,A,C,0.29804261196082277,0.19367680475172602,0.2699264186171165,69,69,1.0,0.17199094108812638,0.15753782000842112,"[0.1739165175613183, 0.17199094108812638, 0.13631517251580688, 0.20698085355998325, 0.18853073164151746, 0.27416071549809035, 0.20376391729117327, 0.19824169585512078, 0.15753782000842112]","[8, 8, 14, 8, 4, 7, 8, 5, 7]","[0.9898352026939392, 0.9899945259094238, 0.9899909496307373, 0.9898391366004944, 0.9899390339851379, 0.9899151921272278, 0.9897788763046265, 0.9899290800094604, 0.98992919921875]",1.2414933443069458,1.1410372257232666,"[72, 64, 81, 5, 5, 20, 21, 17, 57]","[191, 191]",[191],ok,5.94,9.60976453500001
boltz2,2,A0201_LLWNGPMAV,HLA-A*02:01,B,5N6B,A,C,A,C,0.17969080732528836,0.14939903230210716,0.22326029661778982,69,69,1.0,0.15310291880997495,0.15449713209252489,"[0.1581351453820864, 0.15310291880997495, 0.10020573484744567, 0.16597238690435345, 0.08036342159973185, 0.19717911524901977, 0.09256499285728025, 0.19253535379762413, 0.15449713209252489]","[8, 8, 14, 8, 4, 7, 8, 5, 7]","[0.9899669885635376, 0.9899976849555969, 0.9899940490722656, 0.9899138808250427, 0.9899519681930542, 0.9899250864982605, 0.9897786378860474, 0.9899453520774841, 0.9899827837944031]",1.1571985483169556,0.9487441778182983,"[70, 65, 84, 5, 9, 19, 16, 18, 60]","[383, 383]",[383],ok,5.94,17.238483863
boltz2,2,A0201_LLWNGPMAV,HLA-A*02:01,C,5N6B,A,C,A,C,0.27397946464984685,0.17455891400402418,0.2631710230447998,69,69,1.0,0.14872457274655226,0.1591663381309369,"[0.1438241912570567, 0.14872457274655226, 0.09887140386883386, 0.18415139191217736, 0.1454239547030487, 0.24118050264282043, 0.19397585610379062, 0.213234440339907, 0.1591663381309369]","[8, 8, 14, 8, 4, 7, 8, 5, 7]","[0.9898356199264526, 0.9899954199790955, 0.9899929165840149, 0.9898265600204468, 0.9899243116378784, 0.9899063110351562, 0.9897810220718384, 0.9899423122406006, 0.9899157881736755]",1.1630768775939941,1.0881567001342773,"[73, 64, 80, 5, 5, 20, 20, 19, 59]","[191, 191]",[191],ok,5.94,73.674048214
boltz2,2,A1101_KTFPPTEPK,HLA-A*11:01,A,1X7Q,A,C,A,C,0.35330749568634656,0.28929118999316905,0.8541076007763666,73,73,1.0,0.047421907556544296,0.22472281945682235,"[0.18215559423785013, 0.047421907556544296, 0.21768666228366348, 0.3187663641911294, 0.2953449145266525, 0.6024585687306261, 0.22791097540896163, 0.12707027148195335, 0.22472281945682235]","[9, 7, 11, 7, 7, 7, 9, 7, 9]","[0.9870338439941406, 0.9899052977561951, 0.9897409677505493, 0.9765340685844421, 0.9766185879707336, 0.9712027311325073, 0.9816954731941223, 0.987909197807312, 0.9897609353065491]",1.922808051109314,1.2695629596710205,"[96, 53, 65, 7, 21, 17, 14, 13, 75]","[191, 191]",[191],ok,5.94,9.864374701999992
boltz2,2,A1101_KTFPPTEPK,HLA-A*11:01,B,1X7Q,A,C,A,C,0.24697705634910563,0.2567038312804281,0.6904634826450714,73,73,1.0,0.1500750415360465,0.17313799137453903,"[0.143771881558659, 0.1500750415360465, 0.23167169866264287, 0.18792013738173843, 0.23694227939938817, 0.5796430271651688, 0.1927489010586373, 0.040453693378786466, 0.17313799137453903]","[9, 7, 11, 7, 7, 7, 9, 7, 9]","[0.9881730079650879, 0.9897564649581909, 0.9893432259559631, 0.9756779670715332, 0.9649051427841187, 0.9650207757949829, 0.97923743724823, 0.9849066734313965, 0.9894872903823853]",1.2774382829666138,0.8764721751213074,"[93, 53, 62, 9, 20, 16, 16, 13, 75]","[383, 383]",[383],ok,5.94,16.72738915299999
boltz2,2,A1101_KTFPPTEPK,HLA-A*11:01,C,1X7Q,A,C,A,C,0.3455794891722106,0.27189560422400944,0.7102254015021195,73,73,1.0,0.10564296022122385,0.1992987257633648,"[0.09899198617321961, 0.10564296022122385, 0.24236217202962573, 0.23700054127206488, 0.21618827911067723, 0.559747797704005, 0.3124089680082451, 0.17917068554834456, 0.1992987257633648]","[9, 7, 11, 7, 7, 7, 9, 7, 9]","[0.9866688251495361, 0.9899351596832275, 0.9896846413612366, 0.9742891788482666, 0.9723920226097107, 0.9624513387680054, 0.9790216088294983, 0.9874359369277954, 0.9896787405014038]",2.0846974849700928,1.4024261236190796,"[96, 55, 59, 7, 24, 14, 17, 15, 78]","[191, 191]",[191],ok,5.94,9.872303224999996
boltz2,2,B0702_IPRRNVATL,HLA-B*07:02,A,7LFZ,A,C,A,C,0.3704452687567743,1.2837239030225356,2.210843551005945,72,72,1.0,0.12328144946451722,0.06561096868085858,"[0.1704136549661701, 0.12328144946451722, 0.04041406394128764, 0.2890994697388075, 2.1200230391320782, 3.1572014325457154, 0.4648367221867264, 0.13883822798541218, 0.06561096868085858]","[8, 7, 11, 11, 8, 7, 5, 7, 8]","[0.9895443320274353, 0.9898334741592407, 0.9783527255058289, 0.9818077087402344, 0.9206267595291138, 0.9519214630126953, 0.9802172780036926, 0.9891641736030579, 0.9897348880767822]",1.5507943630218506,1.057458758354187,"[72, 56, 71, 14, 35, 21, 21, 30, 64]","[191, 191]",[191],ok,5.94,9.878478785000013
boltz2,2,B0702_IPRRNVATL,HLA-B*07:02,B,7LFZ,A,C,A,C,0.20660403579582626,0.19434154806240078,0.3241434302376708,72,72,1.0,0.16720113910764864,0.153246375825181,"[0.19625778039419428, 0.16720113910764864, 0.15219969607916264, 0.02877589076960882, 0.27023865265667135, 0.29924677416426676, 0.2159137317657668, 0.1295023033127368, 0.153246375825181]","[8, 7, 11, 11, 8, 7, 5, 7, 8]","[0.9895565509796143, 0.9898599982261658, 0.9830648303031921, 0.9800281524658203, 0.9252710938453674, 0.9087318778038025, 0.9611504077911377, 0.9892419576644897, 0.9897427558898926]",1.9948676824569702,1.0554900169372559,"[71, 57, 79, 17, 21, 5, 13, 27, 56]","[383, 383]",[383],ok,5.94,16.752232471000013
boltz2,2,B0702_IPRRNVATL,HLA-B*07:02,C,7LFZ,A,C,A,C,0.4259986062946935,1.2729628671005626,2.303831247135811,72,72,1.0,0.1577657833895392,0.03363938635897594,"[0.16871611502922254, 0.1577657833895392, 0.11036451330518161, 0.2423334990296124, 1.998276561508493, 3.202107462348918, 0.44667716818820274, 0.11133557887662443, 0.03363938635897594]","[8, 7, 11, 11, 8, 7, 5, 7, 8]","[0.9894344806671143, 0.9897955656051636, 0.9771950840950012, 0.9804651737213135, 0.9207680225372314, 0.9490208029747009, 0.9792184829711914, 0.989141047000885, 0.9897089004516602]",1.5086606740951538,1.0694583654403687,"[70, 56, 72, 17, 41, 23, 21, 32, 62]","[191, 191]",[191],ok,5.94,9.617174276
boltz2,2,B0801_ELRRKMMYM,HLA-B*08:01,A,4QRU,A,C,A,C,0.4242037548353674,0.2488820524582609,0.6498441276950996,84,84,1.0,0.1750088696492267,0.286023779473094,"[0.186937556280127, 0.1750088696492267, 0.24165064512406825, 0.2579981859764202, 0.1799054951620739, 0.34551890697292603, 0.25823899289195784, 0.2582679800583861, 0.286023779473094]","[9, 8, 11, 11, 9, 8, 8, 12, 8]","[0.980415940284729, 0.9780764579772949, 0.9835436940193176, 0.9834374785423279, 0.987453043460846, 0.9709130525588989, 0.979744017124176, 0.9871947765350342, 0.9869204759597778]",1.4990918636322021,1.3352609872817993,"[77, 56, 87, 27, 43, 11, 24, 30, 70]","[191, 191]",[191],ok,5.94,9.610901928000004
boltz2,2,B0801_ELRRKMMYM,HLA-B*08:01,B,4QRU,A,C,A,C,0.17590452974153156,0.18480902194816912,0.38266875522961946,84,84,1.0,0.13603450794217495,0.2023421048451556,"[0.11121831108408958, 0.13603450794217495, 0.19641127614930107, 0.21930061979894724, 0.18062736865269396, 0.24309272792220413, 0.17190320256278724, 0.16622563252133438, 0.2023421048451556]","[9, 8, 11, 11, 9, 8, 8, 12, 8]","[0.9890953302383423, 0.9885787963867188, 0.9881444573402405, 0.9891192317008972, 0.9895079135894775, 0.9855571985244751, 0.9880411624908447, 0.989093542098999, 0.9887807965278625]",1.2377831935882568,1.0505911111831665,"[72, 54, 79, 22, 43, 10, 22, 27, 63]","[383, 383]",[383],ok,5.94,16.501373975999996
boltz2,2,B0801_ELRRKMMYM,HLA-B*08:01,C,4QRU,A,C,A,C,0.4063477574587673,0.2326003905825846,0.6302124558102467,84,84,1.0,0.14942583790384223,0.2384148205537177,"[0.08729957914852854, 0.14942583790384223, 0.10664902315361004, 0.29604307642912747, 0.20529982041919484, 0.2871393101320189, 0.30565442337062604, 0.2882679441519374, 0.2384148205537177]","[9, 8, 11, 11, 9, 8, 8, 12, 8]","[0.9793027639389038, 0.9781625270843506, 0.9851382374763489, 0.9839529991149902, 0.9875136613845825, 0.9706922769546509, 0.9787585735321045, 0.9875971674919128, 0.9865872263908386]",1.4586403369903564,1.2893445491790771,"[74, 56, 82, 24, 42, 16, 22, 27, 67]","[191, 191]",[191],ok,5.94,9.631372569999996
boltz2,2,B1501_ILGPPGSVY,HLA-B*15:01,A,1XR9,A,C,A,C,0.3099385917900627,0.5319306836067652,0.524016336087948,63,63,1.0,0.04300667132666435,0.10113319333434322,"[0.15500001636703578, 0.04300667132666435, 0.2502909774751412, 0.36693861449932424, 0.5130661707280655, 1.2206195363572407, 0.723868579076284, 0.18980405617971494, 0.10113319333434322]","[8, 8, 4, 7, 7, 4, 6, 7, 12]","[0.9894680976867676, 0.9897518754005432, 0.9894270896911621, 0.9836564064025879, 0.9699785113334656, 0.9655389785766602, 0.9612314701080322, 0.9891160130500793, 0.9898714423179626]",1.3686405420303345,0.9281582832336426,"[78, 66, 24, 18, 11, 9, 24, 32, 97]","[191, 191]",[191],ok,5.94,9.630206173999994
boltz2,2,B1501_ILGPPGSVY,HLA-B*15:01,B,1XR9,A,C,A,C,0.16724513550827086,0.33318507670603403,0.421504149872763,63,63,1.0,0.1209587147419289,0.15008609274877097,"[0.14431038292266915, 0.1209587147419289, 0.16620587727973715, 0.20330463208621638, 0.30839385684431214, 0.6151749527241628, 0.5735908782350995, 0.263851605008412, 0.15008609274877097]","[8, 8, 4, 7, 7, 4, 6, 7, 12]","[0.9899659156799316, 0.9898994565010071, 0.9897820949554443, 0.988709568977356, 0.9869510531425476, 0.9789450168609619, 0.975921094417572, 0.9893750548362732, 0.9899002313613892]",1.3557648658752441,0.8283454179763794,"[78, 67, 24, 22, 12, 8, 31, 33, 100]","[383, 383]",[383],ok,5.94,16.748204455000007
boltz2,2,B1501_ILGPPGSVY,HLA-B*15:01,C,1XR9,A,C,A,C,0.28529552223967475,0.5265735347954542,0.5102418532417914,63,63,1.0,0.03296135727190649,0.07906513588169364,"[0.16008539918261952, 0.03296135727190649, 0.29372397438048464, 0.38422612895129943, 0.4715655572099889, 1.2109753383240132, 0.7193563854000413, 0.14946458048598912, 0.07906513588169364]","[8, 8, 4, 7, 7, 4, 6, 7, 12]","[0.9893820285797119, 0.9897331595420837, 0.9893888235092163, 0.9815623760223389, 0.9663293957710266, 0.960899829864502, 0.9541606307029724, 0.9887359142303467, 0.9898006916046143]",1.2744734287261963,0.8517833948135376,"[73, 66, 24, 18, 12, 9, 24, 33, 96]","[191, 191]",[191],ok,5.94,9.893171865
esmfold2,0,A0201_LLWNGPMAV,HLA-A*02:01,A,5N6B,A,C,A,C,0.39747629850293553,0.23134504347459864,0.6497957012908896,69,69,1.0,0.2547070294915807,0.11750792635058324,"[0.20077663577958577, 0.2547070294915807, 0.26492078290098303, 0.4313662707825647, 0.06087159094285255, 0.17571320599533807, 0.10338642792195635, 0.2473067034160322, 0.11750792635058324]","[8, 8, 14, 8, 4, 7, 8, 5, 7]","[0.9739997982978821, 0.9821364283561707, 0.972723126411438, 0.826379120349884, 0.8674794435501099, 0.883534848690033, 0.8716705441474915, 0.9701278805732727, 0.9703488945960999]",4.285819053649902,1.816329002380371,"[66, 63, 67, 5, 0, 13, 19, 20, 59]","[191, 191]",[191],ok,25.99,10.413385878999996
esmfold2,0,A0201_LLWNGPMAV,HLA-A*02:01,B,5N6B,A,C,A,C,0.30854939067484877,0.19326726590095014,0.7384446327168235,69,69,1.0,0.17011837950146802,0.14224340421540665,"[0.1654064102327337, 0.17011837950146802, 0.14363297527744504, 0.2720100115177485, 0.09187867187016466, 0.1685605723583571, 0.2570354762054746, 0.24919053775549016, 0.14224340421540665]","[8, 8, 14, 8, 4, 7, 8, 5, 7]","[0.9665111899375916, 0.980661153793335, 0.9733607172966003, 0.8437798619270325, 0.870866596698761, 0.8963738083839417, 0.8850470185279846, 0.966942310333252, 0.9635240435600281]",3.9588875770568848,1.6973333358764648,"[68, 65, 73, 5, 1, 19, 24, 20, 57]","[383, 383]",[383],ok,27.45,42.59179092299999
esmfold2,0,A0201_LLWNGPMAV,HLA-A*02:01,C,5N6B,A,C,A,C,0.3805292713655991,0.22555264198862776,0.6541499030055082,69,69,1.0,0.25647308199693597,0.10560953820275325,"[0.20065619032948862, 0.25647308199693597, 0.2625569813720241, 0.41004563437705815, 0.07119278139927107, 0.17247466263787029, 0.10745305684368353, 0.23923953303575077, 0.10560953820275325]","[8, 8, 14, 8, 4, 7, 8, 5, 7]","[0.9733445644378662, 0.9824466109275818, 0.9737545847892761, 0.8321164846420288, 0.8706295490264893, 0.8841811418533325, 0.8769663572311401, 0.9709922075271606, 0.9702829122543335]",4.138833522796631,1.7988240718841553,"[66, 63, 68, 5, 1, 13, 19, 20, 59]","[191, 191]",[191],ok,27.46,9.049286683999995
esmfold2,0,A1101_KTFPPTEPK,HLA-A*11:01,A,1X7Q,A,C,A,C,0.4766685667990771,0.5627994964213459,1.030107535906871,73,73,1.0,0.16851904270472795,0.12838799947463905,"[0.12433003401149227, 0.16851904270472795, 0.060558393537600445, 0.5273892137569774, 0.7882138529935705, 1.1926127288526893, 0.6480631090179203, 0.21201570901965966, 0.12838799947463905]","[9, 7, 11, 7, 7, 7, 9, 7, 9]","[0.9328329563140869, 0.9804155230522156, 0.9410912990570068, 0.89194256067276, 0.854838490486145, 0.8164796829223633, 0.8782620429992676, 0.9473727941513062, 0.9706912636756897]",4.157261371612549,1.7888081073760986,"[80, 52, 60, 9, 19, 25, 17, 14, 69]","[191, 191]",[191],ok,27.46,9.770174683999997
esmfold2,0,A1101_KTFPPTEPK,HLA-A*11:01,B,1X7Q,A,C,A,C,0.3489913780480058,0.6090491988179237,1.107173117162066,73,73,1.0,0.053607871167548365,0.12124185095657307,"[0.14432102616530906, 0.053607871167548365, 0.15016797360843057, 0.568829610560469, 0.83380966686773, 1.3154861914983311, 0.7218967181097045, 0.08409216377544104, 0.12124185095657307]","[9, 7, 11, 7, 7, 7, 9, 7, 9]","[0.9259629845619202, 0.977155327796936, 0.933197021484375, 0.8721004724502563, 0.8167594075202942, 0.7916699051856995, 0.8620925545692444, 0.9394645690917969, 0.9632422924041748]",4.647139072418213,1.800584077835083,"[75, 58, 74, 9, 17, 25, 17, 15, 73]","[383, 383]",[383],ok,27.46,42.52288521400001
esmfold2,0,A1101_KTFPPTEPK,HLA-A*11:01,C,1X7Q,A,C,A,C,0.4613422872295407,0.5633887862339594,1.024760260530461,73,73,1.0,0.16665283683818582,0.08995905046227881,"[0.10302296074190345, 0.16665283683818582, 0.06307427086067678, 0.5297310480848748, 0.7877221470058253, 1.1945151247255528, 0.6593950695143422, 0.20836271770676232, 0.08995905046227881]","[9, 7, 11, 7, 7, 7, 9, 7, 9]","[0.9320851564407349, 0.9803306460380554, 0.9417684674263, 0.8922355771064758, 0.8544702529907227, 0.8138410449028015, 0.8786517977714539, 0.9471126794815063, 0.970604658126831]",4.163481712341309,1.792224407196045,"[78, 53, 61, 9, 19, 25, 17, 13, 71]","[191, 191]",[191],ok,27.46,9.012282161999991
esmfold2,0,B0702_IPRRNVATL,HLA-B*07:02,A,7LFZ,A,C,A,C,0.41960493430944107,1.4922869930250904,2.572495877152806,72,72,1.0,0.26811980574986427,0.24710546909713424,"[0.5038913389268397, 0.26811980574986427, 0.5224597485565813, 0.4996999860629866, 2.5764842395632703, 3.4578299435435715, 0.6578109089566749, 0.3243300623874197, 0.24710546909713424]","[8, 7, 11, 11, 8, 7, 5, 7, 8]","[0.900775134563446, 0.9811915159225464, 0.9319546222686768, 0.6910642981529236, 0.6344257593154907, 0.8624798655509949, 0.9541622996330261, 0.962468147277832, 0.9645729064941406]",5.534989356994629,2.1883161067962646,"[59, 45, 77, 11, 2, 18, 20, 30, 56]","[191, 191]",[191],ok,27.46,9.012645832999993
esmfold2,0,B0702_IPRRNVATL,HLA-B*07:02,B,7LFZ,A,C,A,C,0.3919653723490596,1.2983523226623268,2.414230994939525,72,72,1.0,0.2955321799648234,0.2438855834173728,"[0.3201517511360817, 0.2955321799648234, 0.6762540446804829, 0.5328703752241427, 2.212015905052779, 3.022612279531429, 0.3468296937945024, 0.1771768328489061, 0.2438855834173728]","[8, 7, 11, 11, 8, 7, 5, 7, 8]","[0.9077467918395996, 0.98529052734375, 0.9515718817710876, 0.7529886364936829, 0.6511849164962769, 0.8509374856948853, 0.9647922515869141, 0.9708041548728943, 0.9700833559036255]",5.0338215827941895,1.5736043453216553,"[73, 50, 87, 16, 28, 26, 19, 37, 60]","[383, 383]",[383],ok,27.35,44.027442407
esmfold2,0,B0702_IPRRNVATL,HLA-B*07:02,C,7LFZ,A,C,A,C,0.41820366740810033,1.4974990820600547,2.5729297535002784,72,72,1.0,0.26888888594285754,0.24790574385822756,"[0.5086013620417196, 0.26888888594285754, 0.5304134827357975, 0.516363828647634, 2.5824536234971363, 3.465328464117619, 0.6729041745211197, 0.33430449386060995, 0.24790574385822756]","[8, 7, 11, 11, 8, 7, 5, 7, 8]","[0.9015864729881287, 0.9811162948608398, 0.9325733184814453, 0.6903337240219116, 0.63578861951828, 0.8619133234024048, 0.953994631767273, 0.9620357751846313, 0.9644213914871216]",5.525298595428467,2.221668243408203,"[57, 45, 77, 11, 2, 19, 20, 30, 56]","[191, 191]",[191],ok,27.46,9.003506942000001
esmfold2,0,B0801_ELRRKMMYM,HLA-B*08:01,A,4QRU,A,C,A,C,0.9607274362425428,0.4226769552355757,0.6448564109673782,84,84,1.0,0.34204411853710265,0.506449519303089,"[0.57125526943681, 0.34204411853710265, 0.23744086395166852, 0.19425883951315157, 0.41680902393705543, 0.6367376408182789, 0.29630440828409543, 0.3834173317099635, 0.506449519303089]","[9, 8, 11, 11, 9, 8, 8, 12, 8]","[0.9609854817390442, 0.9537302255630493, 0.8880888223648071, 0.8531154990196228, 0.9168456196784973, 0.7966787815093994, 0.8987855315208435, 0.9317123889923096, 0.9509902596473694]",2.6518094539642334,2.795611619949341,"[76, 47, 75, 18, 44, 2, 15, 30, 70]","[191, 191]",[191],ok,27.46,8.989970742999986
esmfold2,0,B0801_ELRRKMMYM,HLA-B*08:01,B,4QRU,A,C,A,C,1.0995078555671545,0.5943244653814096,0.9331860541006872,84,84,1.0,0.06489538866083917,0.2785510517368359,"[0.34784655294145117, 0.06489538866083917, 0.14804328874245906, 0.22871094335938388, 0.5296379619892877, 1.5923105846049361, 0.2364176916630307, 0.1735125429509871, 0.2785510517368359]","[9, 8, 11, 11, 9, 8, 8, 12, 8]","[0.9628161191940308, 0.9571399688720703, 0.8947353363037109, 0.8491736054420471, 0.9257960915565491, 0.8261412382125854, 0.915103554725647, 0.9377670288085938, 0.9566570520401001]",2.442599058151245,2.1270651817321777,"[77, 53, 73, 25, 46, 2, 16, 31, 70]","[383, 383]",[383],ok,27.46,42.65093295499997
esmfold2,0,B0801_ELRRKMMYM,HLA-B*08:01,C,4QRU,A,C,A,C,0.8556467368606302,0.4398607923464745,0.6422720262665295,84,84,1.0,0.33489006507699537,0.5106058023722999,"[0.552694113261724, 0.33489006507699537, 0.22816083706779874, 0.1851705178534266, 0.42826790871060966, 0.6857878072805195, 0.3822009271031101, 0.42049479268746454, 0.5106058023722999]","[9, 8, 11, 11, 9, 8, 8, 12, 8]","[0.960474967956543, 0.9520381093025208, 0.8886232972145081, 0.8457087874412537, 0.9160563945770264, 0.7977500557899475, 0.8989905118942261, 0.9323127865791321, 0.9514659643173218]",2.6427254676818848,2.8706181049346924,"[75, 48, 71, 20, 44, 2, 16, 29, 69]","[191, 191]",[191],ok,27.46,9.227778779000005
esmfold2,0,B1501_ILGPPGSVY,HLA-B*15:01,A,1XR9,A,C,A,C,0.34235786196922113,1.3619261142247898,1.147832142952338,63,63,1.0,0.24505866400974285,0.16453439472812825,"[0.252235315826853, 0.24505866400974285, 0.42133667117343804, 0.5693046342263568, 1.162576435709145, 3.3501739196796847, 1.8584373971103558, 0.11029740744140525, 0.16453439472812825]","[8, 8, 4, 7, 7, 4, 6, 7, 12]","[0.9665499925613403, 0.9841095805168152, 0.9823045134544373, 0.9568343162536621, 0.8858903050422668, 0.8328878879547119, 0.9086585640907288, 0.9462157487869263, 0.9868107438087463]",3.8268535137176514,1.538697600364685,"[74, 66, 23, 19, 5, 9, 19, 24, 100]","[191, 191]",[191],ok,27.46,9.593321491999973
esmfold2,0,B1501_ILGPPGSVY,HLA-B*15:01,B,1XR9,A,C,A,C,0.1816636189220338,1.5676867998372108,1.3078933960172967,63,63,1.0,0.2443262963585506,0.20014078245151465,"[0.2787911234586897, 0.2443262963585506, 0.20154854593824614, 0.23288719147564552, 1.197968130589231, 3.9427932022457948, 2.2021268113831747, 0.12780582038232105, 0.20014078245151465]","[8, 8, 4, 7, 7, 4, 6, 7, 12]","[0.9621723294258118, 0.983695387840271, 0.9826756715774536, 0.9611958861351013, 0.8842459917068481, 0.8102694749832153, 0.8835480213165283, 0.9552688598632812, 0.9849104881286621]",4.277320384979248,1.330236554145813,"[75, 68, 22, 17, 6, 14, 19, 28, 101]","[383, 383]",[383],ok,27.46,42.63137401
esmfold2,0,B1501_ILGPPGSVY,HLA-B*15:01,C,1XR9,A,C,A,C,0.3434705373195206,1.3632587227466826,1.1489279567646005,63,63,1.0,0.25414855708131684,0.16134866301130169,"[0.264611646257578, 0.25414855708131684, 0.4069566597944961, 0.5643899737653143, 1.1694462724058232, 3.3516228075969967, 1.8625390905647483, 0.10697310446619525, 0.16134866301130169]","[8, 8, 4, 7, 7, 4, 6, 7, 12]","[0.9666703939437866, 0.9841923117637634, 0.9829834699630737, 0.9586648941040039, 0.8859224319458008, 0.8331636190414429, 0.9081873893737793, 0.9462112784385681, 0.9867889285087585]",3.815906286239624,1.5333244800567627,"[75, 66, 23, 20, 5, 10, 19, 24, 100]","[191, 191]",[191],ok,27.46,9.139376819000006
esmfold2,1,A0201_LLWNGPMAV,HLA-A*02:01,A,5N6B,A,C,A,C,0.4300474306604073,0.17005955854872123,0.9301049529910823,69,69,1.0,0.18691355928111436,0.052960249497889154,"[0.12730199507679937, 0.18691355928111436, 0.11227342446440827, 0.11638869894741531, 0.20588576537177708, 0.21197748471401123, 0.19957991783096748, 0.23027770054886423, 0.052960249497889154]","[8, 8, 14, 8, 4, 7, 8, 5, 7]","[0.973400354385376, 0.9825615882873535, 0.9725545644760132, 0.8398409485816956, 0.8738880157470703, 0.8862002491950989, 0.873053789138794, 0.9700008630752563, 0.9698875546455383]",3.955157518386841,1.797913908958435,"[70, 65, 71, 10, 0, 16, 20, 20, 57]","[191, 191]",[191],ok,25.99,10.491650955000004
esmfold2,1,A0201_LLWNGPMAV,HLA-A*02:01,B,5N6B,A,C,A,C,0.28334980223016204,0.17750547036562742,0.6622239089712277,69,69,1.0,0.15039208470195808,0.14089605231803456,"[0.13907430086787645, 0.15039208470195808, 0.12622393539623133, 0.1902706382605786, 0.08582819008899749, 0.1517912315928285, 0.24534219532780321, 0.28111802426048943, 0.14089605231803456]","[8, 8, 14, 8, 4, 7, 8, 5, 7]","[0.96689772605896, 0.980671763420105, 0.9735512137413025, 0.8427199125289917, 0.8699054718017578, 0.8968867659568787, 0.8877545595169067, 0.9674159288406372, 0.9639274477958679]",3.9657607078552246,1.6865365505218506,"[69, 67, 78, 6, 7, 19, 22, 21, 60]","[383, 383]",[383],ok,27.17,42.550457919
esmfold2,1,A0201_LLWNGPMAV,HLA-A*02:01,C,5N6B,A,C,A,C,0.41230756600431595,0.1679087774829433,0.9303726893163077,69,69,1.0,0.18980706557021892,0.05454104663995059,"[0.12610603361116543, 0.18980706557021892, 0.10871216376840245, 0.11967349548862434, 0.19039436151749217, 0.20634155077946537, 0.2011307036618097, 0.23111804316269524, 0.05454104663995059]","[8, 8, 14, 8, 4, 7, 8, 5, 7]","[0.9732041358947754, 0.982661247253418, 0.972991943359375, 0.8416936993598938, 0.8760174512863159, 0.8886079788208008, 0.8765786290168762, 0.9706756472587585, 0.9703267216682434]",3.9059464931488037,1.7836666107177734,"[70, 65, 71, 10, 0, 16, 20, 20, 57]","[191, 191]",[191],ok,27.46,9.00071813400001
esmfold2,1,A1101_KTFPPTEPK,HLA-A*11:01,A,1X7Q,A,C,A,C,0.4566835465638429,0.527931640910428,1.0197674932355494,73,73,1.0,0.0697384041025933,0.17706094727012517,"[0.07850448900427574, 0.0697384041025933, 0.13071806817458503, 0.6497237793114684, 0.8334154242837952, 1.0096284892715401, 0.5418550335507831, 0.1387924439706153, 0.17706094727012517]","[9, 7, 11, 7, 7, 7, 9, 7, 9]","[0.9334211349487305, 0.9797551035881042, 0.9403172135353088, 0.8883457183837891, 0.8475126624107361, 0.816096842288971, 0.8791425228118896, 0.9506579041481018, 0.9731366634368896]",4.183605194091797,1.7950074672698975,"[77, 58, 74, 9, 18, 24, 17, 16, 72]","[191, 191]",[191],ok,27.46,8.940885703999996
esmfold2,1,A1101_KTFPPTEPK,HLA-A*11:01,B,1X7Q,A,C,A,C,0.3265973159314503,0.6933256625564825,1.1815307189998203,73,73,1.0,0.03923709406216971,0.14141494944605654,"[0.15818133223235692, 0.03923709406216971, 0.23619184189239825, 0.7353260376190127, 0.8721727675589264, 1.5235037661157032, 0.7707582759135523, 0.086237163589903, 0.14141494944605654]","[9, 7, 11, 7, 7, 7, 9, 7, 9]","[0.9259549379348755, 0.9768580794334412, 0.9333645105361938, 0.8629471659660339, 0.803388237953186, 0.7721088528633118, 0.849814236164093, 0.9379217028617859, 0.9626733064651489]",4.878531455993652,1.8250856399536133,"[83, 54, 72, 5, 15, 26, 19, 15, 76]","[383, 383]",[383],ok,27.46,42.82442505399999
esmfold2,1,A1101_KTFPPTEPK,HLA-A*11:01,C,1X7Q,A,C,A,C,0.44192251310111386,0.530623576078431,1.0129250544004327,73,73,1.0,0.06856936208206937,0.18133820550636465,"[0.06496372180659207, 0.06856936208206937, 0.13151576023817363, 0.6518748342027756, 0.8330656734730573, 1.012510652597044, 0.5546575023307805, 0.15227754456070014, 0.18133820550636465]","[9, 7, 11, 7, 7, 7, 9, 7, 9]","[0.933140218257904, 0.9798697233200073, 0.9410099387168884, 0.8889109492301941, 0.8471434712409973, 0.8096718788146973, 0.8810098171234131, 0.9508638978004456, 0.9732247591018677]",4.182885646820068,1.7904009819030762,"[76, 58, 74, 9, 18, 24, 17, 16, 72]","[191, 191]",[191],ok,27.46,8.993836660999989
esmfold2,1,B0702_IPRRNVATL,HLA-B*07:02,A,7LFZ,A,C,A,C,0.4195146215553004,1.5224864250835102,2.585172905744112,72,72,1.0,0.3266487421522942,0.2181995453921556,"[0.4508485502285787, 0.3266487421522942, 0.6557353294053713, 0.8978461863892129, 2.692300209861676, 3.4314014521185086, 0.4388066249937204, 0.22900912004817114, 0.2181995453921556]","[8, 7, 11, 11, 8, 7, 5, 7, 8]","[0.9039528965950012, 0.9827188849449158, 0.9421747326850891, 0.7247388362884521, 0.6030235290527344, 0.844927191734314, 0.9614042043685913, 0.9650779366493225, 0.9647546410560608]",5.5580549240112305,2.158146381378174,"[64, 46, 87, 19, 12, 20, 20, 31, 57]","[191, 191]",[191],ok,27.46,8.996377139999993
esmfold2,1,B0702_IPRRNVATL,HLA-B*07:02,B,7LFZ,A,C,A,C,0.39939376807939614,1.4990297312534466,2.611931542064368,72,72,1.0,0.37876867577686785,0.2750938859040046,"[0.37963816907307396, 0.37876867577686785, 0.6920760031873753, 0.7660887876760366, 2.5729592786006013, 3.4581980135873027, 0.4000461886135725, 0.23535631089105916, 0.2750938859040046]","[8, 7, 11, 11, 8, 7, 5, 7, 8]","[0.908948540687561, 0.9851154685020447, 0.9537550210952759, 0.7439111471176147, 0.6463640332221985, 0.8544629216194153, 0.9653091430664062, 0.9696860313415527, 0.9664329290390015]",5.113463878631592,1.5774706602096558,"[51, 45, 83, 14, 8, 21, 20, 40, 59]","[383, 383]",[383],ok,27.46,42.54002623599999
esmfold2,1,B0702_IPRRNVATL,HLA-B*07:02,C,7LFZ,A,C,A,C,0.3858681380341558,1.5229121966762578,2.584254985079729,72,72,1.0,0.3228084337846521,0.21715942272541713,"[0.45377498706844976, 0.3228084337846521, 0.6480474176222119, 0.8940815374258382, 2.69512529099596, 3.431067530335466, 0.45332572510037883, 0.23516503651501594, 0.21715942272541713]","[8, 7, 11, 11, 8, 7, 5, 7, 8]","[0.9045455455780029, 0.9828160405158997, 0.9422063231468201, 0.7271371483802795, 0.6089354753494263, 0.848057210445404, 0.9619835019111633, 0.96538907289505, 0.9654173254966736]",5.489798069000244,2.1823513507843018,"[63, 46, 87, 17, 12, 20, 20, 31, 57]","[191, 191]",[191],ok,27.46,8.968306976000008
esmfold2,1,B0801_ELRRKMMYM,HLA-B*08:01,A,4QRU,A,C,A,C,1.134061218998699,0.40991212593127585,0.8043767180817104,84,84,1.0,0.11458029425209285,0.3351276607307992,"[0.35483498194969393, 0.11458029425209285, 0.11990839499445967, 0.023143893001516647, 0.3068484769723911, 1.0208319975535693, 0.20700537400136315, 0.25862261840006556, 0.3351276607307992]","[9, 8, 11, 11, 9, 8, 8, 12, 8]","[0.9544970989227295, 0.9407932758331299, 0.8848020434379578, 0.8456231951713562, 0.9069859981536865, 0.7775976061820984, 0.8893420100212097, 0.9241971969604492, 0.9469214081764221]",2.895895004272461,2.9038236141204834,"[74, 50, 81, 17, 48, 5, 14, 34, 68]","[191, 191]",[191],ok,27.46,9.007843971
esmfold2,1,B0801_ELRRKMMYM,HLA-B*08:01,B,4QRU,A,C,A,C,1.0882919651553784,0.6659897482768576,1.0044348306352584,84,84,1.0,0.1153490163792654,0.3195886373401075,"[0.29629894966933074, 0.1153490163792654, 0.07136912354709533, 0.23780168662635245, 0.5353353919550721, 1.8256655951832388, 0.25050371011755657, 0.21121456616623607, 0.3195886373401075]","[9, 8, 11, 11, 9, 8, 8, 12, 8]","[0.9618699550628662, 0.9568743705749512, 0.8946108222007751, 0.8486171960830688, 0.9230167865753174, 0.8223707675933838, 0.910627007484436, 0.9352836012840271, 0.9541538953781128]",2.5432639122009277,2.1195194721221924,"[75, 68, 72, 20, 52, 0, 17, 33, 66]","[383, 383]",[383],ok,27.46,42.50486868200002
esmfold2,1,B0801_ELRRKMMYM,HLA-B*08:01,C,4QRU,A,C,A,C,1.1307501919061542,0.42773150402148846,0.8008274558533489,84,84,1.0,0.13388101050348106,0.3639411278337215,"[0.3436438079358212, 0.13388101050348106, 0.1497895980505788, 0.042893686827355226, 0.3116771173954866, 1.075632981919453, 0.20420584652901852, 0.24086108537098927, 0.3639411278337215]","[9, 8, 11, 11, 9, 8, 8, 12, 8]","[0.9542891979217529, 0.9405620694160461, 0.8828848004341125, 0.846121072769165, 0.9067042469978333, 0.781443178653717, 0.8899993300437927, 0.924670398235321, 0.9500293135643005]",2.883014678955078,2.92008638381958,"[75, 50, 81, 18, 48, 5, 14, 32, 65]","[191, 191]",[191],ok,27.46,8.994390010000018
esmfold2,1,B1501_ILGPPGSVY,HLA-B*15:01,A,1XR9,A,C,A,C,0.44603376718257726,1.1715607952631901,1.0508726694822728,63,63,1.0,0.18590085662290212,0.19523870299584714,"[0.23472374868421925, 0.18590085662290212, 0.43989803787988746, 0.7401573451451762, 1.012978710658629, 2.8750239522438674, 1.4779940254068866, 0.08672740326744208, 0.19523870299584714]","[8, 8, 4, 7, 7, 4, 6, 7, 12]","[0.9673843383789062, 0.9845170378684998, 0.9825335741043091, 0.9550021290779114, 0.9020024538040161, 0.8588153719902039, 0.9215846061706543, 0.9523476362228394, 0.9868190288543701]",3.3148322105407715,1.5034284591674805,"[73, 65, 22, 22, 8, 10, 21, 29, 100]","[191, 191]",[191],ok,27.46,9.043332097000018
esmfold2,1,B1501_ILGPPGSVY,HLA-B*15:01,B,1XR9,A,C,A,C,0.20118193837829698,1.4611852964060341,1.2351109141845535,63,63,1.0,0.22609130790955842,0.19956494058331334,"[0.245680724039332, 0.22609130790955842, 0.1965194538701814, 0.28086810450159727, 1.1788707166770296, 3.66700433746656, 2.025591400141659, 0.08411590141682979, 0.19956494058331334]","[8, 8, 4, 7, 7, 4, 6, 7, 12]","[0.9612240791320801, 0.9835647940635681, 0.9828963279724121, 0.962065577507019, 0.8858800530433655, 0.8251689076423645, 0.8986210227012634, 0.9560847282409668, 0.9849657416343689]",3.983607053756714,1.3072329759597778,"[77, 69, 22, 17, 6, 11, 19, 30, 102]","[383, 383]",[383],ok,27.46,42.771420999999975
esmfold2,1,B1501_ILGPPGSVY,HLA-B*15:01,C,1XR9,A,C,A,C,0.4373079266734391,1.2302929158818268,1.0846575399113214,63,63,1.0,0.19131200378987576,0.18698729874337827,"[0.2400018427809676, 0.19131200378987576, 0.41356021571847507, 0.7014178305612642, 1.0189783283507177, 3.0505416026489947, 1.5750260481321403, 0.0746560922331124, 0.18698729874337827]","[8, 8, 4, 7, 7, 4, 6, 7, 12]","[0.9678118228912354, 0.9846417307853699, 0.9834837913513184, 0.961644172668457, 0.9080120921134949, 0.8585512638092041, 0.9192497134208679, 0.9527172446250916, 0.9869170784950256]",3.276340961456299,1.493461012840271,"[74, 66, 23, 25, 9, 10, 20, 28, 99]","[191, 191]",[191],ok,27.46,9.014184444999955
esmfold2,2,A0201_LLWNGPMAV,HLA-A*02:01,A,5N6B,A,C,A,C,0.42568721487098543,0.21649642892765444,0.9958469203090624,69,69,1.0,0.23546238466226083,0.1338833452575556,"[0.187316265467162, 0.23546238466226083, 0.18702918047135503, 0.1811603982008323, 0.3352925436549471, 0.2849242730229341, 0.14863354285874675, 0.17288088423541778, 0.1338833452575556]","[8, 8, 14, 8, 4, 7, 8, 5, 7]","[0.9733079671859741, 0.9825875759124756, 0.973358154296875, 0.8276271224021912, 0.8718873262405396, 0.8876510858535767, 0.8687578439712524, 0.9688582420349121, 0.9693911671638489]",4.1239423751831055,1.811475157737732,"[69, 65, 67, 11, 0, 17, 22, 20, 55]","[191, 191]",[191],ok,25.99,10.695488557000004
esmfold2,2,A0201_LLWNGPMAV,HLA-A*02:01,B,5N6B,A,C,A,C,0.30289579449818926,0.2079515946786329,0.7500795381988993,69,69,1.0,0.16658662136505398,0.13573247494885932,"[0.17164136728649695, 0.16658662136505398, 0.15453421001125298, 0.12560486586043101, 0.14165457277165205, 0.2034505782167036, 0.3415829833633498, 0.3094594169646116, 0.13573247494885932]","[8, 8, 14, 8, 4, 7, 8, 5, 7]","[0.9654637575149536, 0.9804118275642395, 0.972390353679657, 0.8473883867263794, 0.8701319694519043, 0.8933776021003723, 0.8822235465049744, 0.9656621217727661, 0.9624988436698914]",3.929868698120117,1.7014654874801636,"[68, 63, 73, 5, 2, 21, 23, 16, 60]","[383, 383]",[383],ok,27.45,42.659735973
esmfold2,2,A0201_LLWNGPMAV,HLA-A*02:01,C,5N6B,A,C,A,C,0.41037590575812793,0.23901045798127069,0.783799396701487,69,69,1.0,0.24577420140467487,0.14099984449949413,"[0.1908572884478715, 0.24577420140467487, 0.2438643152331744, 0.4391586934810563, 0.10221995580826894, 0.2676940407971796, 0.17845814772365054, 0.1764513553482473, 0.14099984449949413]","[8, 8, 14, 8, 4, 7, 8, 5, 7]","[0.9732059836387634, 0.9819964170455933, 0.9721426367759705, 0.823728621006012, 0.8659974932670593, 0.8834701180458069, 0.8714828491210938, 0.9695634841918945, 0.9695954322814941]",4.3905816078186035,1.8316214084625244,"[69, 65, 67, 5, 1, 14, 22, 20, 55]","[191, 191]",[191],ok,27.45,9.107609777999997
esmfold2,2,A1101_KTFPPTEPK,HLA-A*11:01,A,1X7Q,A,C,A,C,0.43737695700922624,0.2401674115909616,0.7936177348483954,73,73,1.0,0.16612970565642965,0.11334856982559059,"[0.12664165091316915, 0.16612970565642965, 0.14767804990752054, 0.45112236826003815, 0.18404601426811984, 0.3693066381088918, 0.06472662850432108, 0.2507355636080901, 0.11334856982559059]","[9, 7, 11, 7, 7, 7, 9, 7, 9]","[0.93422931432724, 0.9801921844482422, 0.9378559589385986, 0.886239230632782, 0.8344035744667053, 0.7640352249145508, 0.8568339943885803, 0.945213258266449, 0.9719386696815491]",4.507156848907471,1.8323464393615723,"[73, 49, 59, 7, 24, 16, 17, 12, 72]","[191, 191]",[191],ok,27.45,9.154722351000004
esmfold2,2,A1101_KTFPPTEPK,HLA-A*11:01,B,1X7Q,A,C,A,C,0.3598402401234306,0.3428646322351974,0.8236969750163762,73,73,1.0,0.030429131982150612,0.15319100715559944,"[0.14095942588721602, 0.030429131982150612, 0.17574563457121054, 0.56439451440494, 0.43381642575560775, 0.4614762184362303, 0.4768884780590519, 0.18903735065517738, 0.15319100715559944]","[9, 7, 11, 7, 7, 7, 9, 7, 9]","[0.9258038401603699, 0.9767764806747437, 0.9316232204437256, 0.8721824288368225, 0.8175144791603088, 0.6868891716003418, 0.7955268025398254, 0.9290353059768677, 0.9623493552207947]",5.39156436920166,1.9172825813293457,"[78, 52, 69, 6, 22, 13, 12, 12, 74]","[383, 383]",[383],ok,27.45,42.825579895999994
esmfold2,2,A1101_KTFPPTEPK,HLA-A*11:01,C,1X7Q,A,C,A,C,0.4232043826720488,0.21453328798652885,0.7651764311003266,73,73,1.0,0.16467492029309583,0.11352061674135895,"[0.11423468057827404, 0.16467492029309583, 0.15653001636304123, 0.40285466629482536, 0.20190478305407838, 0.2228228485990942, 0.13856349641086127, 0.2544750063354766, 0.11352061674135895]","[9, 7, 11, 7, 7, 7, 9, 7, 9]","[0.9333629608154297, 0.9794925451278687, 0.9355068206787109, 0.8790567517280579, 0.8123892545700073, 0.7349938154220581, 0.8436415791511536, 0.9431546330451965, 0.9702883958816528]",4.926813125610352,1.8894060850143433,"[71, 50, 59, 8, 23, 14, 17, 12, 72]","[191, 191]",[191],ok,27.45,9.210865963000003
esmfold2,2,B0702_IPRRNVATL,HLA-B*07:02,A,7LFZ,A,C,A,C,0.5201019966416986,1.2756130253509308,2.371260518051382,72,72,1.0,0.19314966442538584,0.29768223736236643,"[0.2639956252451865, 0.19314966442538584, 0.4630930178850186, 0.5014685764561294, 2.227746710903187, 2.9603486981780076, 0.4290657815370418, 0.26933060080560894, 0.29768223736236643]","[8, 7, 11, 11, 8, 7, 5, 7, 8]","[0.9003563523292542, 0.9822760224342346, 0.940132737159729, 0.7510722875595093, 0.6834282875061035, 0.8648322224617004, 0.9599305987358093, 0.9672253727912903, 0.9660691022872925]",4.764164447784424,2.07458233833313,"[65, 52, 81, 16, 34, 28, 20, 36, 58]","[191, 191]",[191],ok,27.45,9.236608622999995
esmfold2,2,B0702_IPRRNVATL,HLA-B*07:02,B,7LFZ,A,C,A,C,0.4286520627098376,1.4405604666957843,2.5641040275395306,72,72,1.0,0.38574317912031064,0.2501648916242738,"[0.323500675392702, 0.38574317912031064, 0.6372993923670406, 0.5468973189029381, 2.6143532860512266, 3.26311474084261, 0.3650045714275621, 0.199149987078582, 0.2501648916242738]","[8, 7, 11, 11, 8, 7, 5, 7, 8]","[0.9035795331001282, 0.9844750761985779, 0.9400646090507507, 0.7318556308746338, 0.6479877233505249, 0.866535484790802, 0.9648394584655762, 0.9689968824386597, 0.9663310050964355]",5.226538181304932,1.6083486080169678,"[65, 52, 85, 17, 7, 20, 20, 38, 60]","[383, 383]",[383],ok,27.45,42.59527668000001
esmfold2,2,B0702_IPRRNVATL,HLA-B*07:02,C,7LFZ,A,C,A,C,0.5134914097216369,1.2745194258948402,2.3658734654295475,72,72,1.0,0.18656861790022272,0.29830863729382756,"[0.2594579649438717, 0.18656861790022272, 0.46270743432278183, 0.4865743200369529, 2.2295560347882044, 2.9549848744724225, 0.4427110359501506, 0.2806814107441972, 0.29830863729382756]","[8, 7, 11, 11, 8, 7, 5, 7, 8]","[0.8999160528182983, 0.982457160949707, 0.9401195645332336, 0.7502580881118774, 0.6745206713676453, 0.8635810613632202, 0.9603363275527954, 0.9669314026832581, 0.9662868976593018]",4.868863582611084,2.1128664016723633,"[65, 52, 81, 17, 33, 26, 20, 36, 59]","[191, 191]",[191],ok,27.45,9.230216374000008
esmfold2,2,B0801_ELRRKMMYM,HLA-B*08:01,A,4QRU,A,C,A,C,1.0502126473594173,0.3260116791100751,0.6718097483295556,84,84,1.0,0.2890967320977284,0.5400163085403132,"[0.3739251712135631, 0.2890967320977284, 0.232061208149761, 0.24448714839961352, 0.30113497293743746, 0.45082050061590434, 0.093919556852593, 0.15864840893578344, 0.5400163085403132]","[9, 8, 11, 11, 9, 8, 8, 12, 8]","[0.9622654318809509, 0.9547052979469299, 0.8869232535362244, 0.8386539816856384, 0.9159844517707825, 0.7953871488571167, 0.8968645334243774, 0.9292802810668945, 0.9492511749267578]",2.7358908653259277,2.872019052505493,"[75, 53, 76, 17, 42, 11, 13, 29, 68]","[191, 191]",[191],ok,27.45,9.265894559000003
esmfold2,2,B0801_ELRRKMMYM,HLA-B*08:01,B,4QRU,A,C,A,C,1.09884643576333,0.7016161199893379,1.1141892291783297,84,84,1.0,0.1538157242072275,0.2484602659749157,"[0.34026627781616, 0.1538157242072275, 0.052923017964838885, 0.21825402227093288, 0.5614178072285481, 1.9356243762449967, 0.31804939171637553, 0.12566199916126494, 0.2484602659749157]","[9, 8, 11, 11, 9, 8, 8, 12, 8]","[0.9619496464729309, 0.9574170112609863, 0.8937513828277588, 0.846566379070282, 0.9260467886924744, 0.8234061598777771, 0.9107661247253418, 0.9368730187416077, 0.9557219743728638]",2.50925874710083,2.1238982677459717,"[75, 68, 66, 19, 54, 2, 17, 28, 67]","[383, 383]",[383],ok,27.45,42.536332939999966
esmfold2,2,B0801_ELRRKMMYM,HLA-B*08:01,C,4QRU,A,C,A,C,1.025565259757006,0.32171770955469553,0.6668440665305834,84,84,1.0,0.2790323058756772,0.514414229073142,"[0.38284390482038566, 0.2790323058756772, 0.22691767653971537, 0.2402974285304245, 0.3044784629791839, 0.4495271346139717, 0.11075580345081151, 0.16182387420209518, 0.514414229073142]","[9, 8, 11, 11, 9, 8, 8, 12, 8]","[0.9622069597244263, 0.9550752639770508, 0.8852512240409851, 0.8367078900337219, 0.9155371785163879, 0.7957437038421631, 0.8970648050308228, 0.9290552735328674, 0.9491898417472839]",2.737677574157715,2.9109747409820557,"[76, 52, 71, 17, 43, 11, 13, 29, 68]","[191, 191]",[191],ok,27.45,9.371158988000047
esmfold2,2,B1501_ILGPPGSVY,HLA-B*15:01,A,1XR9,A,C,A,C,0.3392630204139356,1.017519306719857,1.0263461753247947,63,63,1.0,0.18275429369986193,0.20052426003491242,"[0.20736362379706882, 0.18275429369986193, 0.6907534371097219, 1.3393550191265349, 0.7964324175026749, 2.237753837444848, 1.127169662128473, 0.1346499710989126, 0.20052426003491242]","[8, 8, 4, 7, 7, 4, 6, 7, 12]","[0.9671839475631714, 0.9817250370979309, 0.9761970639228821, 0.9000343680381775, 0.8795307874679565, 0.8294145464897156, 0.8983044624328613, 0.9482114911079407, 0.9857216477394104]",4.136930465698242,1.5958399772644043,"[74, 70, 24, 5, 11, 8, 21, 30, 102]","[191, 191]",[191],ok,27.45,9.24244610300002
esmfold2,2,B1501_ILGPPGSVY,HLA-B*15:01,B,1XR9,A,C,A,C,0.20668003807651902,1.4345129220057582,1.2184373480905588,63,63,1.0,0.21532231869230709,0.20156110073495553,"[0.23243773748046095, 0.21532231869230709, 0.20094591011789548, 0.23008206041424492, 1.0936371927133721, 3.631708243691467, 1.9722028503664826, 0.1057348459975944, 0.20156110073495553]","[8, 8, 4, 7, 7, 4, 6, 7, 12]","[0.9622475504875183, 0.9834679961204529, 0.9826825261116028, 0.9619549512863159, 0.8908188939094543, 0.8286640644073486, 0.9009508490562439, 0.9560819268226624, 0.9850746989250183]",3.9147117137908936,1.3031535148620605,"[75, 68, 22, 18, 6, 11, 16, 26, 102]","[383, 383]",[383],ok,27.45,42.737896261
esmfold2,2,B1501_ILGPPGSVY,HLA-B*15:01,C,1XR9,A,C,A,C,0.33742169283074774,1.042868767929117,1.028410903113247,63,63,1.0,0.18729533361643474,0.1957602176946756,"[0.21903034569301574, 0.18729533361643474, 0.6448340449704469, 1.2581159335261274, 0.8344462788857251, 2.354307110741196, 1.1889397656390157, 0.12447702133877084, 0.1957602176946756]","[8, 8, 4, 7, 7, 4, 6, 7, 12]","[0.9672797322273254, 0.982591986656189, 0.9786072969436646, 0.9124905467033386, 0.8888520002365112, 0.839339017868042, 0.9043028950691223, 0.950260579586029, 0.9861283302307129]",3.9336934089660645,1.565704345703125,"[76, 69, 24, 5, 13, 8, 21, 30, 101]","[191, 191]",[191],ok,27.45,9.401042780000012
