pair_id,y_pred
6,1.7424846
11,0.9573855
22,1.7458475
50,2.054209
60,1.51943
92,0.8427103
93,0.64235216
107,2.1945374
132,1.8122947
135,0.819553
152,2.2557502
166,0.624847
179,1.2218306
219,1.0551358
229,1.3375901
246,1.3249468
248,1.8245625
274,1.4819603
281,1.2557794
288,0.7548373
299,0.12866512
303,1.6425577
323,1.8335842
327,2.2556994
353,0.20055357
396,1.2734394
406,0.8205462
407,0.6979952
416,0.88803595
419,0.6460684
421,2.1215734
423,1.2919887
446,1.3643581
457,1.1490842
463,1.777076
466,0.9048227
471,0.50489783
473,0.9145839
478,3.2675884
479,1.8342569
498,3.3897026
500,1.3521125
506,1.9499722
513,2.0763211
528,1.0853194
537,2.3822358
557,0.7538914
577,1.3099531
579,0.17003502
582,-0.20988351
588,2.0676274
591,2.5741956
611,2.5408633
612,1.797016
615,1.7637986
618,2.5518973
620,1.5334989
627,3.0484216
634,1.4987847
639,1.4445359
645,2.862479
646,2.0520682
652,2.0981352
663,2.1077268
668,2.096857
675,2.3085544
682,1.8004591
683,2.7914755
686,1.2558749
693,2.0399487
695,3.0893352
696,2.0434146
707,2.1463323
717,2.1919103
725,1.8771988
726,3.3558576
729,2.2727594
731,1.491911
749,2.0050461
756,2.9629433
768,3.0611806
769,2.2304838
774,1.8454177
782,1.5495831
784,1.8141131
798,1.9958386
802,2.2045333
812,1.0795227
839,2.4372277
857,3.249698
869,0.21676588
877,3.5830739
886,0.525774
889,1.1690305
891,1.0449382
893,0.19562058
896,0.5018757
907,3.2265906
930,3.9093955
932,1.7154839
943,2.295149
945,1.507494
949,1.3751079
955,2.0930781
958,3.8693385
970,1.9242098
989,2.3104603
994,4.0607386
1008,2.9618146
1010,4.5341353
1025,2.4693904
1038,4.3896503
1048,4.2658567
1060,1.8895783
1062,1.8800136
1077,2.9425223
1090,0.353673
1100,2.9831738
1101,1.6696938
1112,0.41833907
1132,0.76942605
1136,1.6335098
1148,2.2566383
1155,1.027903
1162,2.056867
1165,0.52156746
1180,1.3952482
1183,1.9801656
1195,1.3630992
1201,2.1454854
1205,1.6734196
1211,1.2753128
1214,1.7885121
1219,1.7453271
1226,1.4585226
1228,0.91925204
1248,1.0533608
1249,1.6694992
1254,1.4753433
1257,1.0707463
1275,0.16970374
1293,1.0482584
1317,1.6150162
1326,1.3819817
1328,1.4782366
1351,1.3424745
1364,1.151015
1368,1.0964218
1375,1.0315821
1381,1.686536
1396,1.7086567
1405,1.7685425
1411,1.457499
1430,1.5143168
1438,2.393667
1457,1.8579636
1459,1.9576874
1467,1.7460579
1470,1.5798221
1481,1.5653286
1485,0.89030343
1486,0.83310664
1492,0.7281129
1494,0.5844604
1516,0.37087932
1530,0.73074263
1536,0.6050008
1539,0.9667037
1549,0.5528821
1554,0.85755223
1603,1.2171055
1607,0.782343
1614,1.3013707
1650,0.39504534
1657,0.8603869
1671,1.2571218
1695,1.1486061
1700,2.154347
1706,0.5584852
1712,1.3138667
1724,1.4317169
1743,1.5387944
1758,0.47078517
1759,0.8685971
1777,1.0721452
1796,0.7725665
1801,0.82104665
1810,0.63290304
1822,1.0120015
1825,0.68953353
1842,0.23085989
1854,0.21768945
1858,0.31141216
1871,1.3854345
1872,1.2884663
1879,1.3323554
1882,1.4754713
1898,1.6474286
1900,2.1330163
1931,1.8497386
1936,1.6773415
1957,1.0470879
1961,0.826801
2000,0.7549837
2025,2.5890224
2027,2.3101647
2042,1.6309731
2047,2.45664
2048,0.93761224
2050,2.1219392
2060,1.5778425
2092,3.695663
2095,2.3725064
2110,3.4023895
2116,2.8837328
2117,1.5193378
2128,2.8535051
2134,2.8711164
2153,1.0610185
2203,2.3315208
2209,2.0181823
2218,0.9628452
2222,1.5543158
2223,2.422213
2224,2.8094854
2227,1.9512342
2230,0.7367714
2233,0.6829724
2247,0.94262815
2262,1.9954258
2270,1.1863059
2277,3.4264781
2280,2.044553
2286,1.182816
2297,1.6888863
2315,0.8589817
2322,1.8758457
2330,0.95447224
2360,1.5090904
2361,1.1468298
2391,2.5068352
2397,1.6870731
2413,1.999288
2416,1.7345955
2419,1.5070401
2422,1.5993631
2425,0.8612239
2429,3.11625
2434,2.959571
2437,0.9661681
2462,0.93004286
2470,2.0374691
2491,3.2379136
2494,1.6919575
2499,1.9054114
2501,0.53635275
2510,2.9891686
2512,3.1486807
2522,2.1901443
2528,2.6424963
2537,2.174203
2545,2.4307952
2549,0.75712365
2558,1.6333388
2577,1.0142331
2580,1.3010083
2584,1.3148481
2592,1.2362026
2621,1.450575
2637,0.37627116
2645,0.4992304
2647,0.944635
2655,1.6057162
2660,0.96035695
2662,1.4943384
2664,1.5169078
2671,1.4530243
2673,1.7115178
2716,1.1643548
2724,0.13843544
2725,0.267345
2730,0.38568005
2733,0.16512696
2737,2.081649
2759,2.474466
2763,2.0916505
2765,2.2492194
2775,1.7625196
2782,1.9430562
2785,1.5687586
2799,1.3470745
2827,2.0976634
2850,1.7594674
2852,1.1761811
2870,1.059922
2959,0.6584456
2961,0.7682053
2986,0.530716
2991,1.3434402
3022,2.170556
3031,1.1568189
3037,1.291542
3044,1.2271826
3053,1.0399089
3069,0.36716932
3080,-0.12819889
3082,0.29953158
3090,0.1737812
3100,1.6869742
3141,1.0776641
3146,1.5055095
3154,1.2478654
3161,0.6873304
3174,0.5468843
3207,0.4464663
3222,1.1027936
3230,0.6899437
3236,0.7781029
3249,1.6575377
3251,0.3811514
3266,0.21411562
3275,0.7331332
3287,0.22759885
3317,0.9626617
3319,1.6246083
3342,0.5669375
3343,1.3390685
3348,0.7101076
3356,0.70032966
3365,0.4880002
3380,2.0342853
3389,2.0117981
3422,1.873715
3446,0.8475302
3447,0.6521235
3448,1.2977375
3457,0.21266884
3460,0.9577913
3468,0.4051753
3474,0.48882467
3475,0.5421591
3481,0.4835704
3487,0.18755765
3494,0.6322377
3498,0.27093384
3504,0.24920629
3505,0.5061199
3524,0.4191346
3549,0.25512275
3573,0.490074
3582,1.7213757
3592,0.54698294
3604,1.0393431
3624,0.16949676
3638,2.1265838
3648,3.2070885
3649,1.3122728
3650,2.292577
3657,0.71947867
3670,2.272994
3672,1.8847944
3695,2.7074914
3719,2.0389662
3739,0.7478141
3767,1.0379778
3787,1.0471343
3851,1.8587822
3859,1.4304967
3873,0.8297442
3875,0.71126133
3887,1.9372998
3909,1.6763722
3920,1.5347301
3922,1.1365492
3931,0.9773061
3941,1.7131467
3944,1.0231396
3983,0.6804254
3985,0.49211547
3990,1.7304666
4005,1.0015608
4027,1.097156
4028,1.3867629
4038,0.53004205
4045,0.78137463
4048,0.7509405
4054,2.0832803
4063,1.5272985
4064,1.6662328
4077,1.460122
4081,0.5499245
4083,0.05250635
4087,0.39539677
4088,0.6183313
4093,0.32374352
4098,0.587539
4102,0.87470806
4123,1.7705959
4124,1.492006
4131,0.975771
4134,0.88297397
4139,0.9927615
4153,0.55329967
4158,0.50097924
4159,0.47430578
4163,0.99004275
4170,0.7636002
4179,3.5992482
4180,3.3441622
4184,1.152419
4187,2.5120986
4195,1.1542081
4208,1.3354903
4211,0.80908084
4213,1.823337
4232,1.0212083
4245,0.49574417
4246,0.35308412
4258,0.4565459
4269,1.7618978
4274,0.98127496
4291,0.4925368
4297,0.81037027
4311,0.6036442
4315,0.9736063
4318,1.1986248
4320,0.7988973
4351,1.4338056
4366,1.634591
4392,2.0027
4396,0.77657837
4403,0.6418316
4405,0.83356017
4406,0.856827
4424,0.37877554
4428,0.9966153
4435,0.54704136
4437,3.2764063
4460,1.8326609
4461,2.437391
4462,2.5485556
4463,1.5194937
4464,2.006207
4465,1.6399038
4466,2.0368948
4467,1.9927908
4468,1.7458788
4469,1.9649023
4470,2.242544
4477,2.8680522
4478,2.9361725
4490,1.3440007
4493,0.48339444
4494,2.3291535
4501,1.5329229
4513,1.0124354
4520,0.0534613
4529,2.5474126
4537,1.3764707
4538,3.6331964
4540,2.9832816
4552,1.9914776
4569,0.48196876
4574,1.2594193
4585,1.0916213
4602,1.6354715
4616,1.0552039
4631,1.3834691
4634,1.35208
4656,1.3284714
4659,1.4095314
4673,0.79545027
4677,0.59767145
4685,0.32688847
4720,1.2162497
4726,1.9764426
4732,1.3212005
4742,1.2723966
4752,0.8828361
4753,0.7797915
4785,0.9544455
4810,1.9264109
4811,1.1511184
4824,1.0739269
4827,1.7804431
4828,1.9190266
4832,2.0007598
4833,1.8205893
4844,2.4757729
4848,1.3768251
4866,1.0909495
4875,1.5787723
4876,1.3307464
4879,1.1522982
4890,0.73088104
4893,0.868744
4912,1.082658
4918,0.7610062
4925,0.6249641
4927,3.2979426
4932,0.46629652
4938,1.9208797
4946,2.146624
4951,1.7532994
4955,1.5052772
4968,3.1765466
4977,1.153383
4984,1.6457839
4989,2.0527718
5011,1.2276764
5019,1.9425776
5033,0.61229247
5038,1.4891387
5050,2.542096
5061,1.2760952
5068,0.66042626
5075,1.4049996
5087,1.6998909
5091,1.4738338
5096,0.009369966
5104,0.5372628
5113,1.5033357
5115,1.830136
5119,0.84715873
5127,0.5842355
5133,0.8841497
5136,0.29405615
5176,1.3962451
5196,-0.2117496
5202,0.3817686
5218,0.47374547
5221,0.29070607
5223,0.17003247
5233,0.66857284
5235,1.3195312
5238,1.4557894
5246,1.282999
5286,2.796676
5302,1.6362493
5307,0.6514374
5311,2.4454713
5332,1.856125
5350,0.6860686
5354,0.7737747
5355,1.5662708
5360,1.3102715
5375,1.2988173
5386,2.5445197
5397,1.2408155
5404,2.012061
5405,1.8797002
5414,0.8466015
5426,1.5543556
5433,1.9501731
5447,0.47883353
5449,0.81462437
5452,1.1230662
5461,1.4404682
5485,3.6264029
5488,1.2991103
5496,2.382939
5501,-0.05853608
5542,1.3022221
5545,0.8276182
5592,0.8034388
5596,3.0959687
5604,1.0503622
5612,1.7476254
5617,0.35632387
5626,2.2711408
5638,0.76206183
5639,0.8738697
5645,1.6884065
5683,2.1035979
5691,1.0637094
5701,0.6694648
5718,1.482608
5766,3.4615376
5774,1.7631758
5782,0.7255247
5793,1.7974892
5805,0.27232018
5811,0.27378872
5821,0.9831031
5824,1.1267323
5855,0.15892199
5897,0.36718282
5898,0.727459
5900,0.49217746
5901,0.41916782
5905,1.9431742
5909,1.647001
5912,1.8020779
5926,2.05404
5934,0.8100906
5942,0.82982975
5944,0.7286684
5948,0.7717417
5949,0.9892212
5954,1.2374933
5993,1.3297757
5998,1.8991971
5999,2.1053874
6000,1.5318209
6015,1.3832531
6016,0.9735664
6018,1.0713694
6031,0.6023729
6033,0.82516676
6038,2.1144922
6046,1.1945738
6075,0.2776781
6083,0.5610607
6106,0.7362877
6141,1.9129053
6150,2.1163747
6179,0.98290676
6189,1.1541318
6193,0.7892934
6230,0.8529468
6238,1.4269929
6242,1.765374
6244,2.2264302
6248,1.3965086
6265,1.7775772
6266,2.193436
6294,0.32915837
6296,1.0745248
6305,0.16204353
6306,0.41485083
6323,0.5304931
6331,1.4986169
6341,1.1623611
6352,1.8697368
6363,1.9258856
6369,1.8277442
6384,2.2109306
6393,0.8422715
6399,1.420233
6406,1.4454986
6415,1.246313
6419,0.53934944
6439,0.56285584
6444,0.30879128
6459,0.91052455
6467,0.3223963
6471,0.35084227
6508,0.61351895
6518,0.5840424
6527,0.9138852
6533,1.2525215
6559,1.3438448
6574,1.8827174
6590,0.03397158
6598,0.8965386
6599,0.4409584
6614,1.8613299
6644,0.30219752
6666,0.71436316
6683,0.6727463
6686,0.89422375
6695,1.984353
6702,1.6166368
6704,1.8007019
6711,0.7140734
6738,2.3216302
6740,2.6523972
6743,2.5726156
6744,0.28211883
6750,2.4673917
6774,3.2109532
6798,1.3604858
6815,1.1353489
6817,1.1066333
6822,0.94017565
6824,0.8817564
6834,1.339717
6837,0.3529563
6844,1.815637
6851,1.5699781
6861,0.6784763
6869,0.61272776
6892,2.112737
6895,2.8887193
6898,2.41699
6903,2.1760182
6912,0.8936686
6913,1.4284517
6937,2.5058718
6940,2.3069384
6962,2.3403459
6970,1.6930057
6987,1.7903396
6999,1.6520326
7002,0.7913438
7015,2.8151476
7026,1.0427207
7046,0.6842839
7047,0.7546658
7064,0.94070166
7076,1.1149508
7077,1.0647656
7083,1.056054
7092,0.5465919
7098,1.0260445
7104,0.6841704
7110,1.6271771
7124,0.71272796
7137,2.0381246
7142,1.1510419
7148,1.595898
7149,1.25856
7173,1.2074192
7192,1.4254756
7211,0.745013
7216,1.5815468
7230,0.028943578
7244,0.68736964
7255,0.6872223
7290,0.27079305
7311,1.9453909
7323,0.440532
7324,0.5146611
7326,0.98496306
7330,0.30229947
7339,1.023882
7341,1.3829278
7347,1.7327263
7356,1.5617259
7361,0.43439966
7372,1.2271409
7391,1.287185
7393,0.9474627
7402,0.56876075
7403,1.6998614
7413,0.8258211
7422,1.6474929
7424,1.1441193
7439,2.37659
7449,1.1716971
7471,0.70745426
7474,1.3667604
7476,-0.12930675
7499,1.5909846
7516,0.085942574
7530,0.43344286
7540,2.4857564
7544,0.5099218
7554,1.2711319
7592,0.8271057
7610,0.28815535
7613,0.73662513
7615,-0.124988
7639,0.8061031
7645,0.6779434
7659,3.0908992
7662,1.6905694
7672,0.38941237
7690,0.3422517
7694,0.27428576
7702,1.6524444
7706,0.9888252
7732,1.6441289
7734,0.3673821
7736,0.7501652
7742,0.85893
7745,0.97052234
7748,0.56313735
7749,0.2523306
7756,3.9071972
7758,0.36992577
7759,2.101025
7763,0.7959506
7766,0.6275457
7776,1.067835
7782,0.2734219
7794,1.4757138
7797,0.48370275
7798,0.21243063
7805,0.45344743
7810,0.7154564
7815,0.8278715
7836,0.8755214
7845,0.5656388
7861,1.7140323
7872,1.3896616
7901,1.3426629
7906,1.4789754
7910,0.20005162
7912,0.96268475
7924,0.22771396
7926,1.8969982
7953,1.7557269
7956,0.7073387
7960,1.4190793
7993,2.4383461
7994,0.7998915
8008,0.52071166
8022,0.99438095
8035,0.73758227
8045,0.51229805
8069,1.061178
8082,0.4198021
8085,0.56587106
8086,2.680767
8097,0.10939525
8098,1.6199505
8106,2.969689
8107,0.76684487
8114,2.3036427
8120,0.49695078
8130,1.9238676
8139,-0.0038676143
8140,0.3905649
8142,1.7354169
8144,2.3554685
8148,1.9667373
8163,0.38008425
8181,-0.021683984
8196,1.3549575
8200,0.9880925
8208,0.1448802
8215,0.6796824
8220,0.55132425
8231,0.34223202
8239,2.592497
8263,0.37721834
8269,1.6447595
8279,0.74132603
8294,0.35538134
8317,-0.009237428
8327,0.5704451
8328,0.57605255
8342,1.3888568
8343,-0.20448154
8349,1.6079423
8356,0.38227016
8359,0.5866155
8368,0.08167414
8374,3.7668989
8384,-0.15622717
8411,0.75998914
8426,1.8575293
8429,0.98057586
8432,0.3104714
8458,-0.12771614
8463,0.5870424
8470,1.1549714
8471,0.9606979
8487,0.8184554
8488,0.26473892
8490,1.8885294
8505,0.5156822
8520,2.4532971
8523,0.28360766
8555,0.46382478
8560,1.0919597
8562,1.5337514
8570,3.778907
8588,1.0753154
8590,0.70272714
8602,0.62855697
8613,1.4173477
8624,0.9947188
8630,2.5162356
8631,1.20538
8635,1.4433028
8654,0.9273127
8655,0.48222893
8675,1.5188534
8679,0.24575762
8686,0.45490587
8700,1.1673973
8713,0.45805728
8715,0.31981993
8716,0.81679803
8720,0.7113397
8721,0.4612941
8737,1.6117345
8738,1.4318671
8740,0.29868868
8745,0.3058723
8760,0.30260956
8772,0.77783936
8774,0.6016076
8779,1.8497808
8780,0.40052933
8782,0.118707485
8784,0.9292778
8791,2.5123746
8801,1.4110826
8813,1.1847466
8846,0.6812923
8847,0.47914806
8889,0.4392987
8897,2.4065444
8907,0.25008118
8919,0.7512256
8935,0.51017123
8941,0.5732756
8950,0.33314055
8954,0.20224127
8957,2.4688325
8971,0.25436383
8974,0.6569924
8978,1.3135666
8987,2.053711
9003,1.1123884
9004,0.048592005
9013,1.1481391
9020,1.5222962
9024,2.8259535
9056,1.6864661
9057,0.615709
9068,0.6431465
9069,1.6301371
9085,1.3578451
9136,1.4904284
9152,1.2393165
9170,1.2689126
9178,0.44513756
9205,0.53824204
9221,1.2686127
9224,2.0032852
9232,0.22868393
9247,-0.13230093
9250,1.2004117
9260,-0.08879178
9265,0.24370235
9273,1.6271001
9289,2.832
9294,-0.06454965
9311,0.84917605
9313,3.068624
9320,1.4624438
9321,0.7831558
9327,2.03146
9330,0.5556339
9337,0.94798386
9359,1.9522585
9361,1.506571
9370,2.518572
9372,0.057913117
9383,1.2583358
9398,0.021138348
9399,0.6984663
9406,0.7100073
9416,0.24244575
9418,1.6836749
9419,1.1848278
9422,1.464914
9426,2.04573
9429,1.2902969
9437,1.985335
9439,0.60736626
9442,1.07748
9477,-0.22791424
9495,0.52971804
9501,1.1591948
9504,0.44819745
9505,0.59323394
9524,1.2095988
9529,1.792188
9532,0.3384728
9537,0.35231784
9577,2.435406
9603,-0.20142612
9616,1.3778445
9639,0.99202317
9646,0.14292963
9659,0.60079074
9675,0.1463414
9686,1.2021824
9697,0.48854175
9708,0.20398758
9727,1.4798089
9731,0.734676
9744,0.6824821
9779,0.8146623
9799,1.9855219
9816,0.5884142
9825,1.8131388
9846,0.62664866
9865,2.6414154
9887,0.45203897
9888,1.1130478
9891,1.5873027
9893,0.48710823
9909,1.5294325
9912,1.9220937
9914,0.8341721
9920,3.2549882
9944,-0.0512445
9946,0.084962435
9950,0.033246405
9953,0.15935548
9961,0.9523918
9964,0.94935143
9970,1.2822393
9980,0.5407974
9990,1.1181837
10002,1.9264311
10014,0.98906434
10019,0.94092333
10033,0.9977905
10044,-0.4042869
10048,1.9409696
10053,1.4045123
10055,0.1382765
10069,1.0870361
10081,0.10515904
10082,0.53997
10085,1.4336277
10094,1.1025716
10104,0.4349009
10111,2.0916736
10127,2.0930307
10133,1.1350358
10150,1.5602599
10172,1.0160909
10186,0.21032158
10193,-0.01299816
10211,0.10083367
10213,0.69766694
10220,0.7824211
10229,0.36450046
10231,1.0391122
10234,0.9050936
10235,1.6673279
10253,0.3806897
10263,1.8273666
10286,1.3771491
10290,0.62667495
10291,0.7592596
10298,2.522599
10307,0.92714876
10316,1.3783691
10322,2.0685449
10323,1.9035946
10331,0.30157438
10344,1.6509782
10347,0.4597864
10350,0.69508743
10371,0.5531562
10387,0.22587444
10397,0.59777415
10398,0.15751544
10402,0.6224186
10404,0.5572051
10411,0.18171142
10416,1.6475861
10421,-0.048765905
10447,0.10437665
10449,1.0271897
10461,1.3116126
10462,0.7522361
10470,0.8999097
10474,0.67279494
10511,1.0669873
10519,0.8171259
10547,2.6404233
10566,1.3209023
10594,2.5215616
10599,1.1694694
10611,0.6704928
10622,1.5283206
10630,0.6539741
10638,0.35967952
10649,1.9261571
10650,0.20394118
10651,0.33233908
10653,0.54685384
10683,0.49150652
10692,1.3815793
10717,1.0632024
10720,1.8025181
10721,2.4675364
10728,1.0108157
10737,1.1111902
10742,0.6733785
10743,0.12083083
10756,0.08195065
10762,0.5499942
10765,1.6500894
10772,0.32996923
10774,0.09703943
10777,1.5876489
10781,1.5720439
10783,0.08452483
10785,1.3476958
10788,1.3218653
10790,1.4148991
10792,1.7926213
10808,1.1721047
10811,0.86309016
10813,1.6529677
10818,0.95457554
10826,0.7869398
10828,2.0285666
10852,1.3748814
10859,0.85940593
10860,0.18516229
10873,2.6060016
10899,0.57021374
10901,0.18612649
10904,2.027471
10911,0.11848979
10926,1.2220227
10933,-0.13592806
10938,1.9805607
10945,0.9925184
10958,2.3030343
10961,0.8741403
10965,1.2649676
10968,1.8907006
10989,2.395431
10991,0.07640764
10999,0.15726338
11010,1.1247658
11015,2.2971265
11016,0.37065163
11033,1.3118134
11071,0.6270571
11089,1.7322731
11094,1.2871594
11097,0.5088658
11104,0.58010596
11110,1.0010707
11113,0.109131165
11121,2.0460117
11122,0.12212526
11135,1.2982123
11138,0.9076487
11139,1.3923643
11175,1.3150502
11192,1.573967
11197,-0.0673766
11221,0.9058462
11222,1.6651736
11227,0.43911377
11253,0.16233383
11274,0.5936459
11290,0.64052474
11301,3.080379
11335,0.27783027
11352,0.15800828
11369,0.58131695
11384,0.41509154
11409,1.111587
11416,1.6418688
11425,2.5658793
11448,0.8927072
11450,2.0992916
11463,1.2461255
11476,0.67735577
11479,0.16120486
11497,0.6653567
11503,1.2190086
11504,0.018392354
11508,0.5185531
11509,0.59229463
11527,1.2114074
11531,0.113632515
11552,-0.2561087
11554,0.15425162
11556,1.3945141
11562,1.2233857
11564,2.0502198
11569,0.79464287
11571,0.51775783
11581,0.4261252
11589,2.0350645
11592,1.1165941
11621,1.9241177
11625,0.3895145
11628,0.6243357
11630,0.9820613
11639,0.79877275
11647,0.46057585
11681,1.5316427
11684,1.2141312
11707,0.7502269
11716,2.5787003
11725,1.2975793
11735,2.4607246
11747,1.2699492
11750,1.3317121
11755,0.91021997
11771,0.52767473
11784,2.8960981
11805,0.12687966
11808,0.75643355
11816,0.7274071
11819,1.1970114
11823,1.8055785
11834,1.1784621
11840,1.2755798
11847,-0.051792987
11879,0.3295279
11890,1.4227358
11901,0.653305
11914,0.60047317
11916,2.120983
11921,1.3295429
11924,1.9290295
11933,2.859926
11935,1.6042712
11941,1.0952667
11943,0.5069245
11953,0.03939815
11956,0.73876256
11959,0.65835553
11960,1.4343088
11980,1.112039
11988,1.5142087
11991,1.085797
12000,0.92537344
12003,0.15264742
12005,0.30396765
12016,0.4612637
12020,0.38702714
12063,2.6579323
12090,-0.23360975
12092,1.0129324
12094,0.6038826
12099,0.9779643
12107,0.2733969
12117,0.52794796
12120,1.7522975
12134,1.043378
12137,1.2369586
12145,0.27176335
12153,1.8610932
12169,1.6732329
12175,0.87578356
12186,1.4837117
12189,1.1078646
12190,1.6494809
12200,1.2326562
12202,0.14468646
12206,0.18880947
12217,-0.2578474
12241,0.50331914
12242,1.2024281
12254,0.47577298
12258,1.3150998
12273,1.1323963
12278,1.3850625
12298,0.32554802
12306,1.6674811
12324,0.8258444
12326,2.1404788
12351,1.3795952
12353,1.4081818
12355,2.0927904
12373,1.44218
12392,0.3420453
12403,0.9622279
12415,0.8249081
12424,0.26767665
12448,1.6150342
12457,0.9160859
12472,0.5093175
12476,-0.26629198
12504,1.8732065
12510,0.38590145
12512,0.86064726
12516,0.96180975
12524,-0.29932785
12533,2.7657332
12536,0.8900835
12541,1.0124059
12546,0.28338608
12550,0.5049706
12556,0.6340923
12562,1.4876565
12573,0.4789876
12576,1.9262534
12577,1.0439975
12586,1.1129152
12591,0.5700543
12592,0.16300675
12608,1.4444368
12628,0.8797175
12631,1.5549053
12635,0.14550443
12640,0.6158803
12641,0.7128707
12646,1.6752075
12657,1.8478147
12667,0.056610394
12670,0.5539243
12673,1.3170465
12679,1.1991023
12681,2.71976
12684,1.283196
12706,1.5408614
12720,1.1813546
12730,0.4483662
12753,1.7582766
12758,0.17698246
12767,0.34618482
12768,1.8174707
12784,0.9914351
12795,1.3298529
12808,0.9789778
12814,0.7566232
12840,0.25419182
12841,1.0123464
12843,0.6529192
12853,2.1224496
12854,1.3289233
12900,0.38499227
12903,1.9972596
12927,0.8763713
12933,2.222163
12942,1.357417
12943,1.1614896
12959,0.9057489
12970,1.7561039
12994,1.7472087
13022,0.41065586
13023,2.310942
13027,0.32401866
13054,0.10898635
13058,0.96676636
13062,1.8581046
13067,0.23687652
13069,0.57216704
13072,0.3403677
13081,2.9829419
13091,0.48468998
13095,0.40025705
13097,1.8999827
13127,0.55521196
13131,0.32328558
13135,1.1565857
13136,0.76395744
13172,0.8779565
13193,2.5698507
13215,1.1724056
13225,0.6905773
13230,0.38134682
13261,0.4529878
13273,0.26362818
13279,0.73677295
13287,0.079548016
13295,0.8129085
13301,0.040493168
13304,0.5745152
13330,1.0947078
13332,0.7186611
13345,0.4516992
13356,0.39768988
13358,1.2815282
13366,-0.09412591
13413,0.7948602
13417,0.6047504
13442,0.31457826
13450,1.3679922
13457,0.13234119
13463,-0.057001356
13465,3.0314674
13471,1.3598945
13488,2.155936
13493,3.0980458
13502,0.036314767
13513,0.71416134
13522,1.0245702
13536,0.096334584
13539,2.669763
13541,0.5494329
13556,0.29104453
13564,1.7359369
13566,1.8942171
13571,0.7741906
13575,0.65560967
13593,1.257796
13599,0.9046984
13613,0.4443741
13622,0.9569541
13628,1.3758228
13636,0.8889506
13639,0.16159719
13643,1.3257583
13660,0.42516595
13664,0.20483047
13668,0.02379508
13679,2.6410332
13697,0.49683544
13717,0.5895189
13740,1.3675197
13742,0.6586308
13766,0.75408566
13767,0.87025243
13770,0.64502394
13782,2.7076497
13818,1.1007578
13827,1.7144496
13834,0.3926688
13841,2.1192777
13848,0.40442917
13867,0.038883757
13871,1.2290636
13880,1.2426876
13884,0.7723698
13885,0.11074041
13896,0.6024691
13905,2.0506232
13947,1.3763885
13961,1.8367786
13971,1.1266592
13979,1.13479
13989,1.4812001
14005,1.0981468
14017,1.1969982
14023,1.1547902
14028,2.3335106
14038,2.1207957
14044,0.8127609
14056,0.35533783
14065,1.312632
14089,0.07449712
14102,0.4609864
14116,0.73024833
14117,2.5501485
14129,0.46070194
14143,2.4708674
14160,2.0440688
14164,0.28280395
14165,0.7738201
14166,0.017986573
14183,1.6056067
14185,1.6617512
14193,3.225217
14209,1.5577161
14225,0.2833368
14239,0.3867227
14248,0.970754
14256,0.7654253
14268,1.0524055
14306,0.89264655
14333,0.7873448
14343,0.24695654
14344,0.51445055
14360,1.6854923
14362,0.35366
14364,0.28845957
14372,0.41659468
14378,1.0950706
14399,0.1733032
14416,0.83586663
14425,0.33854115
14433,2.2446425
14437,0.3346254
14442,1.5908961
14449,0.7071412
14462,2.4533055
14476,2.519739
14478,1.2379464
14479,0.5819018
14500,1.1190724
14529,0.2920512
14534,1.7848369
14542,2.1475532
14556,0.67755574
14557,0.30048457
14560,1.5444275
14566,1.7991264
14591,0.60613257
14595,1.0087706
14598,1.8563565
14600,2.602718
14602,0.89418143
14606,2.667442
14619,0.8719153
14620,0.43803242
14623,1.723899
14637,0.6524292
14644,0.5819186
14653,1.1846306
14685,0.6338084
14704,1.283134
14715,1.3294312
14717,1.9607117
14727,0.9188143
14729,1.41177
14736,2.6002214
14758,0.059509944
14772,0.7264946
14780,0.47030112
14800,0.8735222
14807,2.2551165
14810,0.6022647
14825,1.700536
14841,2.0690966
14842,0.672799
14847,1.2831795
14868,0.82131696
14878,0.3743895
14891,2.4689991
14901,1.8789846
14907,1.4847438
14908,3.6090004
14914,0.10557968
14934,1.7685329
14965,0.035688687
14971,0.58027
14974,0.26698932
14986,0.36959198
15008,0.6441057
15036,0.5098845
15048,0.027001001
15066,1.3229347
15072,0.8209802
15111,0.6745566
15113,0.3608513
15119,0.54924566
15126,2.8876605
15130,1.510968
15131,1.4157331
15141,1.759596
15142,1.667804
15152,0.275633
15157,0.5645625
15161,0.55198663
15162,0.09351604
15186,0.71680915
15197,0.06167901
15199,1.8389659
15200,2.553415
15205,0.83742815
15215,1.6758257
15217,1.209887
15219,2.333541
15223,0.7186601
15232,1.1194707
15239,2.3455768
15249,2.1280687
15250,1.5677316
15258,0.18146403
15289,0.9736362
15290,1.1125578
15293,0.33419687
15317,0.24265225
15327,0.8802643
15336,0.9474908
15355,0.39191577
15363,0.6325101
15365,2.8263843
15373,1.9869924
15375,0.7177666
15377,0.1784369
15391,1.9763038
15397,0.24298494
15434,2.166567
15438,0.7391693
15445,0.91016805
15468,0.17952278
15475,1.4891382
15478,2.0124736
15497,1.2353971
15505,0.13321996
15513,1.9429415
15529,1.348204
15530,0.36171713
15535,1.9983565
15549,1.5339447
15563,2.4469213
15569,2.5752141
15570,0.68759984
15572,2.0584822
15585,0.997004
15586,0.53434837
15595,0.50458634
15609,0.5506508
15625,2.0549943
15634,1.5777313
15649,0.24901296
15654,0.004785436
15655,2.1420221
15668,-0.326503
15674,0.3892173
15675,1.1363972
15682,2.9834497
15683,0.5350451
15692,1.8743365
15706,1.0498601
15708,1.8896502
15733,1.4928292
15745,2.0265324
15748,2.7319934
15768,1.4322683
15775,2.1869998
15799,0.2714995
15800,0.7398008
15809,0.9294653
15811,0.86978817
15822,0.08318095
15825,0.92289513
15827,1.4552609
15834,0.8196959
15859,3.01942
15865,2.0149164
15868,0.69187987
15869,1.8961428
15877,0.37737617
15896,1.1942029
15902,2.2221081
15904,0.6278103
15913,0.21910767
15936,1.3530917
15959,0.34969178
15960,0.98210716
15972,1.9416574
15978,1.0839764
15984,0.9362316
15993,0.36030254
16001,2.4401326
16019,1.0410445
16071,2.379857
16073,1.0863391
16075,1.5190082
16095,0.9770969
16099,0.7014782
16134,-0.011900202
16141,2.710113
16159,-0.07908435
16165,0.2668821
16194,0.77564245
16196,0.56147027
16205,2.205335
16211,2.2413063
16218,1.0512241
16225,1.4964998
16237,1.223685
16258,0.76428014
16272,0.10152607
16280,2.9553444
16284,1.4834944
16286,0.5181371
16293,0.79840535
16298,1.677401
16320,0.5935519
16330,0.94669366
16333,2.0476208
16353,2.3277295
16369,0.2656968
16372,1.2075889
16379,1.1952484
16394,2.7600822
16403,0.34378088
16438,1.0623465
16444,1.0095074
16451,1.9721949
16456,0.9801568
16462,1.8276176
16497,0.5648631
16500,1.6190015
16503,0.9386353
16524,0.40196863
16527,1.3344718
16529,0.35928333
16530,0.5313248
16542,1.6571522
16576,1.6727551
16581,0.43886474
16586,1.8964945
16587,1.5794798
16606,0.13975127
16611,2.3310144
16617,0.18543263
16630,0.16652259
16632,1.0196453
16656,3.3010483
16679,2.6896403
16686,1.3218682
16693,0.50082034
16701,1.1479924
16730,0.88906133
16732,0.8989224
16765,1.087021
16781,1.0208241
16801,1.1773733
16805,2.6003547
16815,1.1789504
16816,0.011795445
16844,0.54270273
16852,2.1320746
16871,1.5269278
16896,0.3366131
16898,2.4859517
16908,1.632651
16931,0.15601975
16938,0.218205
16959,1.1774205
16963,0.660266
16966,1.1127685
16977,1.2144667
16980,0.20721419
16989,1.4688808
16991,0.4393264
16998,1.0120424
16999,0.092218235
17002,0.47106174
17006,1.5855498
17009,0.14670621
17033,1.4007988
17043,0.13780753
17069,1.7982762
17073,0.6479653
17080,0.20585124
17089,1.8539683
17094,2.8662562
17099,2.5670989
17136,1.1580089
17165,0.15558091
17167,1.4548038
17182,1.1471547
17193,0.57119936
17199,0.69256896
17204,0.43092594
17207,0.8383597
17218,0.42493048
17220,2.524672
17222,2.1011167
17224,0.40725094
17225,0.18919088
17233,0.32834494
17246,-0.36233586
17248,0.13631293
17249,1.24927
17274,0.2321637
17294,0.70139956
17298,2.3115392
17323,-0.020394173
17337,1.6251018
17341,0.3295365
17344,0.6551598
17382,1.7321397
17387,1.1740823
17413,0.796354
17418,1.8320824
17433,0.86223596
17437,0.26993316
17455,-0.08130671
17457,0.540458
17480,0.30262744
17482,0.39480063
17485,1.6419853
17492,0.3525326
17494,0.3078705
17505,0.03740188
17506,0.6695678
17507,1.224531
17527,1.470886
17528,0.44042987
17530,0.7108583
17534,0.30608365
17546,1.1045442
17552,0.25061518
17610,1.116844
17628,2.4681382
17650,0.13526611
17655,0.5173957
17664,0.48935476
17669,0.29301968
17681,1.5804847
17694,1.8066249
17695,2.0661762
17711,1.0516438
17712,0.80146664
17715,-0.34764683
17716,1.1015775
17717,0.7216414
17720,1.0422527
17729,0.8083788
17730,2.2209778
17732,0.2874526
17733,-0.08004354
17741,1.4825646
17761,0.44893748
17769,0.72668546
17773,1.3895644
17775,0.9170398
17790,1.5807347
17796,0.087796055
17802,0.55900264
17804,0.3535522
17808,1.7722223
17818,2.23486
17821,1.3887974
17863,1.5389479
17868,2.4761539
17873,1.5254017
17900,2.6572618
17909,1.6541513
17919,0.7968542
17923,1.9604478
17925,0.92743915
17930,0.63613516
17940,0.39556473
17946,0.2712497
17958,1.3566529
17959,0.07150758
17960,3.2046025
17965,0.7984206
17979,1.0745752
17982,1.5320991
17986,0.7464034
17994,0.18035154
17996,1.6931022
17997,1.3209983
17998,1.5794128
17999,-0.0012252252
18004,0.2896119
18005,0.80021346
18010,0.7625792
18015,0.5525311
18029,0.6888676
18042,1.5742155
18053,1.0107402
18063,2.1894605
18066,0.56160986
18086,0.76853365
18121,1.2389597
18125,1.5269476
18139,0.33492658
18146,2.9659226
18151,3.1635518
18155,0.2866302
18163,0.6545134
18164,0.9177245
18169,1.168258
18189,0.77377385
18208,0.9068928
18223,1.5679469
18257,1.1985967
18284,0.63510966
18295,0.7065131
18301,0.18113293
18319,0.5667552
18335,0.68682706
18364,-0.15905371
18372,1.0403249
18389,0.21869603
18414,1.2473866
18430,1.865721
18436,0.93946534
18439,-0.0041950783
18450,0.5205229
18453,0.898425
18470,1.7661548
18475,1.014961
18488,0.52805334
18493,2.766381
18497,0.43312502
18506,0.24884239
18516,0.37271544
18526,0.3496461
18530,1.9062632
18533,0.0016777952
18541,1.3960215
18556,0.82503325
18574,0.518949
18578,0.9369557
18589,0.60686696
18591,1.8589268
18598,0.7481218
18607,1.5644097
18614,0.44673032
18632,-0.08491587
18636,1.372441
18638,0.4202943
18640,2.0005045
18677,1.022269
18678,-0.043668967
18679,0.70001334
18688,0.43249366
18701,0.99233246
18712,1.4529121
18725,1.2113179
18734,0.48225582
18736,1.6591499
18737,1.4766148
18768,0.34585682
18773,0.47390288
18777,0.5769216
18784,2.448415
18797,2.2001345
18802,1.6401212
18803,1.3643947
18804,1.1128902
18810,-0.02986093
18820,1.7541906
18822,0.23135398
18823,1.6461662
18838,2.9879484
18841,0.93666476
18858,0.5018591
18879,1.5859227
18884,1.5373356
18886,0.43005434
18905,1.2771945
18907,0.30202255
18908,0.2978697
18914,0.7924937
18920,0.36732495
18928,1.2007415
18940,0.7623899
18953,2.4286978
18963,0.34376308
18965,0.90269744
18988,1.1992357
18994,0.27876297
18997,1.4898052
19011,0.24114227
19027,0.91753024
19034,1.2106876
19035,-0.51057565
19036,0.6889887
19061,0.88733774
19066,0.7831641
19070,0.32334512
19079,0.34393683
19099,0.8381521
19137,0.25936735
19159,1.7594024
19162,1.0873356
19176,1.076731
19190,1.1567072
19210,0.26989314
19214,0.59830743
19252,0.505313
19257,0.8285001
19261,0.5713652
19269,1.5472931
19271,0.28682175
19279,1.4825351
19297,0.5922165
19299,1.9328806
19302,1.0427929
19311,2.2858346
19315,0.85411763
19337,0.13448244
19339,0.23093629
19361,-0.058468465
19370,1.2822844
19395,1.2355239
19407,-0.12731867
19424,1.8256586
19433,1.3576553
19438,3.2197049
19459,0.3140044
19468,2.367217
19469,0.70690435
19492,0.8742716
19502,1.7454139
19505,0.09265836
19506,1.5342103
19553,2.2009556
19560,0.66086906
19583,2.191603
19587,1.5856175
19591,1.3162544
19602,0.12145194
19612,1.3252977
19616,2.6064787
19620,0.5761069
19624,1.2671149
19626,0.47588956
19647,2.081706
19649,0.1756784
19655,0.38147295
19664,0.71184707
19671,1.4137753
19686,0.55405194
19688,0.49789578
19692,1.7070314
19698,1.1347578
19703,0.3344135
19730,1.0642619
19731,1.1078149
19740,0.7174117
19743,1.1700038
19744,0.91461647
19749,0.6809113
19750,0.34904173
19756,1.304331
19783,0.13598977
19792,1.2248008
19793,0.65496975
19804,1.0241462
19816,1.0320126
19817,0.16248292
19835,2.3654115
19847,1.0505756
19865,0.5666788
19873,0.06282756
19877,1.1656436
19880,1.4823347
19895,0.03906555
19902,-0.01364728
19917,0.5510821
19946,1.098613
19951,1.3646988
19966,0.7873078
19978,0.35443014
19979,0.4986485
19993,2.5964167
19995,1.7490745
19996,0.8883666
19997,1.0848631
19998,0.655479
19999,0.9802175
20023,1.384894
20027,0.25355864
20038,0.714408
20059,1.2084119
20062,0.3432604
20068,0.59127337
20073,-0.020908495
20076,0.920368
20081,0.6199293
20084,0.22571352
20121,1.9731802
20150,0.8357624
20154,0.23498021
20177,1.4982744
20179,1.3270701
20192,1.5751646
20200,0.9262392
20201,0.35850102
20210,1.562006
20219,1.2379067
20229,0.18375944
20230,0.42089272
20260,0.7613431
20262,0.6951916
20266,1.9355915
20267,2.295935
20286,0.76063246
20294,1.660927
20318,1.1659173
20320,-0.27463427
20332,0.18159886
20342,0.6584099
20349,0.245311
20374,0.641583
20387,0.89582866
20404,0.3368974
20418,1.3699982
20436,1.1293507
20445,0.07163989
20451,1.2910409
20454,0.910698
20466,0.34975997
20467,0.9259378
20469,0.92665845
20497,0.79703796
20517,0.93903184
20531,0.6111823
20533,0.41701078
20534,1.0554098
20537,0.34305114
20538,2.29008
20540,2.0299065
20542,1.5625763
20547,1.5730835
20553,1.1333705
20577,1.1155757
20602,0.89376485
20604,0.33210632
20610,1.5999619
20612,0.32905474
20642,1.3103114
20650,1.2837405
20653,0.4348251
20656,0.7184525
20677,0.21619649
20684,1.2551712
20692,0.14506648
20693,1.7923015
20698,0.30786845
20705,0.5494386
20707,1.7500777
20719,0.45689598
20722,0.26217327
20732,0.51740384
20737,0.27846116
20743,0.63183784
20747,0.4408242
20753,-0.14059463
20757,0.72171766
20765,0.97383666
20784,0.4649002
20786,1.9663359
20793,0.59655404
20799,0.82583946
20817,1.280726
20819,1.2672617
20824,1.4109211
20829,2.4890566
20833,0.64423746
20841,0.5180464
20855,1.1636977
20860,1.4981055
20862,1.8636044
20864,0.66703707
20893,0.51190054
20900,0.50529075
20903,0.26982027
20911,0.5023023
20912,0.28206098
20915,1.5114473
20920,1.9470133
20924,0.5290028
20943,2.4019017
20951,2.7258465
20952,1.7784934
20979,0.2999653
20985,1.4036448
20995,2.1511114
21010,0.680797
21014,1.3002986
21020,0.03341182
21029,0.2138655
21030,0.47393656
21033,0.4241918
21042,1.6538002
21043,1.4768555
21046,0.49099445
21050,1.127848
21051,0.0076679466
21055,2.3586218
21075,1.2023044
21085,0.4036422
21096,1.5163064
21102,0.22838987
21140,0.5117119
21151,1.5689794
21165,0.05121274
21166,0.6697864
21170,0.6449463
21176,2.1181295
21181,1.8566043
21199,0.6379697
21220,0.9865273
21231,-0.02040701
21234,0.15341951
21244,0.20689628
21246,0.63160366
21259,0.559674
21266,0.9176075
21280,3.202521
21300,2.4406395
21303,1.3018627
21325,0.13996623
21335,-0.014902749
21336,0.07124591
21351,0.9787985
21367,0.5610006
21375,0.38416582
21396,0.17159605
21398,0.3165665
21400,1.0890882
21437,0.49371406
21446,0.23375937
21447,0.73614305
21450,0.27961475
21478,0.12273223
21481,0.36705574
21486,1.2948676
21489,0.23840109
21502,1.7778999
21522,0.63686794
21530,1.6468174
21537,1.0482314
21569,1.2264413
21573,0.47839224
21585,0.21831466
21588,0.2669141
21602,0.45319876
21604,0.47354472
21620,0.3241938
21626,0.1797733
21631,1.4037933
21646,0.13886163
21647,0.030915141
21676,0.38291112
21729,0.13714927
21738,0.24367872
21753,0.6023068
21756,1.1048981
21763,0.12240776
21764,0.95487994
21768,0.13940158
21778,0.28165695
21779,0.3194286
21793,2.1107798
21800,1.946821
21822,2.26217
21824,0.49167442
21838,1.3967195
21848,0.8508043
21854,1.4423027
21858,0.15988474
21862,0.5237776
21865,0.10327198
21867,1.0537133
21874,1.8231801
21875,1.4604815
21878,0.28857434
21884,0.7545879
21886,0.5141494
21902,0.58433825
21908,0.95893997
21910,0.041996878
21915,1.9039057
21916,0.54359376
21926,0.83006763
21927,0.03717793
22010,1.8180029
22023,0.8417152
22029,0.7886588
22047,0.42757404
22051,0.48822728
22063,0.18343513
22089,0.6651764
22132,0.56016475
22146,0.6862234
22148,2.6034799
22172,0.06952225
22185,1.4338382
22225,0.5788645
22229,0.17548172
22235,0.6803692
22260,2.2644658
22265,0.5964011
22273,1.4347768
22299,3.0125902
22301,0.37515494
22304,0.38263983
22307,1.315609
22308,0.3979535
22309,1.9630144
22323,1.7098354
22327,1.2360984
22330,0.39078748
22347,0.70120835
22351,0.26863068
22357,1.0323586
22362,0.23626754
22366,0.7424489
22396,0.50028455
22427,0.9109573
22444,0.38948914
22458,0.95336384
22463,1.7678678
22465,0.7107555
22471,2.3804088
22473,-0.13942252
22484,0.659345
22486,0.45872453
22511,2.5746891
22515,2.9823282
22531,2.7517066
22537,1.7591614
22555,3.0430315
22568,0.47445032
22581,1.6640738
22637,2.0471265
22663,1.1641282
22664,1.7422494
22670,1.3219286
22677,1.5334423
22682,-0.24557073
22685,0.32402948
22687,1.3515471
22701,1.7732799
22709,0.56312287
22710,2.3142292
22725,2.252601
22746,1.0274354
22755,1.7733645
22768,2.343844
22779,0.18095686
22781,1.1959094
22792,0.5327618
22796,0.8354991
22824,0.77946395
22838,1.1551229
22846,1.2639737
22847,1.3579665
22853,1.4178163
22877,3.2442203
22884,0.52658015
22896,0.7696014
22900,0.48676488
22902,1.3939826
22953,0.1895687
22963,0.1315751
22966,0.11482501
22990,0.24405567
23024,1.1698383
23025,1.3600045
23035,1.365658
23049,2.0856204
23050,1.4031042
23062,3.0321367
23064,2.1794722
23066,2.2170289
23077,0.008754953
23097,0.09121903
23122,1.27846
23123,0.3786184
23133,0.9728351
23136,1.8389219
23171,0.19302218
23184,2.8504274
23185,0.3588528
23190,0.72102714
23194,2.0146625
23199,1.2108902
23211,0.34109277
23226,1.8289201
23233,0.31460398
23269,0.8701448
23270,0.27920753
23280,0.78214276
23284,1.4892045
23293,0.75400823
23294,1.734444
23306,-0.11857932
23315,0.98491263
23344,2.2170975
23362,1.0654229
23363,0.9447771
23382,-0.05553672
23389,2.2630997
23390,1.0931983
23395,0.39265192
23402,0.69842136
23403,0.76479274
23423,0.16733758
23442,-0.052910075
23444,1.6210139
23446,1.9528997
23456,0.52803004
23457,0.36741954
23464,1.244768
23474,1.5765024
23475,1.433893
23484,0.8720864
23485,1.184227
23492,0.40345672
23495,1.651265
23497,0.99264777
23500,1.0547043
23512,1.3904866
23548,0.7256122
23549,0.33994004
23576,0.20417666
23579,0.46946776
23585,1.3431622
23608,0.3408287
23612,0.13995102
23632,2.2602904
23635,1.3471284
23637,0.24908663
23655,0.060786057
23657,0.15010446
23672,0.22733612
23679,0.45825848
23692,0.7302211
23722,-0.0629196
23731,0.35582334
23740,0.50126785
23742,0.66715044
23743,1.4004838
23752,0.772065
23754,0.12372894
23774,2.0454586
23777,0.6227686
23792,0.48096618
23804,2.1322832
23812,0.47216016
23814,0.8492154
23840,0.90930676
23849,0.6392667
23885,1.3661262
23918,1.8841681
23924,0.99224466
23934,1.2948585
23943,1.8338718
23947,2.1252196
23953,0.7386954
23966,0.2640125
23974,0.6265757
23999,0.54284817
24005,0.4375837
24006,1.1019533
24008,1.9839668
24015,1.7788467
24024,0.1031764
24025,0.7151652
24031,0.26649162
24047,2.013494
24048,0.6803697
24058,0.25640935
24064,0.20490505
24068,0.2648676
24070,0.4199295
24085,0.8456755
24103,0.88341117
24104,0.20970008
24114,2.2235374
24118,0.13780108
24122,1.4584352
24129,1.774426
24156,0.11907037
24157,0.041834522
24162,2.432463
24169,1.2092472
24191,0.7663762
24206,1.5196793
24210,0.46051863
24224,0.35918415
24234,0.7984153
24236,0.34760848
24239,2.1388662
24247,0.15017422
24251,1.1120728
24257,2.1128664
24269,0.21375607
24270,0.43600482
24296,0.3075911
24302,1.336618
24311,0.21748325
24329,1.3177575
24333,0.30453023
24343,0.106432594
24354,1.1188083
24360,0.14906171
24361,0.022868134
24366,2.053649
24369,0.6395747
24426,0.4649467
24436,1.4456805
24442,0.3200472
24447,0.7151677
24471,2.028777
24479,0.84248364
24493,1.7846376
24494,0.71975
24500,1.3957832
24511,0.699003
24516,1.524297
24530,1.0140622
24576,1.5623709
24582,0.14092976
24588,0.95299375
24598,1.0279166
24600,0.06440951
24601,0.85598767
24629,-0.14773622
24634,1.7049292
24652,1.9671822
24659,1.9656224
24666,1.2587168
24671,0.8678497
24718,0.1988754
24725,0.21078438
24755,1.0794562
24757,0.69250816
24761,1.6182479
24765,2.0485616
24770,0.25024483
24801,0.20556873
24806,-0.058219597
24820,0.5682725
24837,1.6557364
24902,1.6101245
24912,0.3942099
24949,0.684692
24952,1.4238894
24953,0.048719365
24956,2.0609138
24971,0.1414177
25013,1.4538683
25036,0.6809908
25039,1.9921259
25041,0.07096019
25042,2.0804703
25044,0.66284007
25054,0.94062
25060,2.1624284
25065,0.50008965
25070,1.2481945
25104,1.3234566
25130,-0.1607778
25144,0.3015925
25146,3.361389
25149,0.51565665
25175,0.32048157
25179,0.0903434
25191,0.7633631
25194,2.5555184
25197,1.3638414
25205,0.5524237
25211,0.48150617
25231,0.7966082
25233,0.607384
25237,0.078492664
25244,1.0985296
25271,0.46021065
25272,2.027354
25275,0.42286652
25282,0.59105664
25303,0.50317174
25329,0.1982738
25331,0.3213213
25356,0.91645247
25358,1.6930768
25363,0.35699287
25365,2.0651789
25366,0.14413764
25374,0.8531714
25382,0.10185877
25386,1.0883956
25389,1.5392002
25413,0.8882155
25417,0.36304805
25427,0.38864625
25432,1.5619395
25437,0.45676804
25442,0.40267193
25444,1.2438569
25445,0.94715655
25448,1.6370368
25465,0.45176932
25468,1.6021714
25473,0.20894386
25477,0.686463
25482,1.0780708
25495,1.3010694
25497,1.4395235
25505,1.1329708
25520,0.95428646
25535,-0.007524091
25541,0.22991613
25546,0.9481754
25549,0.495521
25550,1.2186483
25561,3.1413164
25566,0.5842272
25575,0.4239067
25581,0.842843
25591,0.59481525
25594,2.3847706
25595,0.40867427
25620,1.3046685
25627,1.1716737
25632,0.35149595
25633,1.2320961
25646,1.2879965
25664,1.5977886
25666,1.1615434
25671,0.91905224
25741,0.14765023
25754,1.073202
25758,1.3219441
25775,0.111912265
25780,1.2394092
25783,1.0100137
25786,1.1311687
25789,1.4557576
25793,0.22817537
25815,0.4932334
25816,1.3312787
25822,2.1144454
25827,2.5440392
25835,1.8040372
25850,0.2304825
25852,0.5011988
25858,0.43595716
25865,1.2242701
25873,1.8042623
25884,1.5430409
25890,0.4991746
25911,0.7703788
25912,0.20915768
25926,0.43461168
25937,0.066663526
25969,0.8248392
25986,0.6121158
25988,1.2264426
26001,0.11006704
26005,1.4550034
26032,2.6013575
26037,0.17480716
26038,0.06536494
26055,0.36957276
26059,0.17103969
26062,1.8511295
26067,1.2094803
26068,1.1465162
26071,0.60221505
26092,1.68167
26094,1.3616157
26097,0.7152861
26101,1.0420821
26116,0.7557161
26167,1.2081627
26168,1.9255892
26171,0.8699394
26175,-0.09705936
26189,0.9587621
26227,2.2437034
26231,0.21537021
26233,0.806957
26252,1.5947615
26260,0.83514136
26273,0.39765257
26275,1.5074817
26282,0.96031094
26296,0.33794326
26315,0.7567584
26318,0.23189397
26320,0.3712197
26323,0.40278876
26339,1.1790556
26349,0.53445524
26361,0.5183534
26365,0.44816443
26372,1.2016966
26374,2.17702
26376,0.0988644
26382,1.7026308
26394,2.1678183
26409,0.94261223
26410,0.76201415
26411,2.7423925
26413,1.8205993
26414,2.651539
26422,1.524399
26441,0.38541812
26485,0.35666016
26489,0.68173856
26495,1.8922981
26502,1.697879
26504,1.9532256
26518,0.28995734
26522,0.47223756
26542,1.0488638
26543,0.46123993
26572,1.3962685
26577,0.20396683
26592,0.83222616
26598,0.5030294
26615,0.53823954
26636,0.53661376
26640,1.0962791
26645,0.84868646
26656,2.34466
26660,1.006012
26668,1.1274542
26670,2.258737
26689,0.43019736
26693,1.1252885
26704,2.3080804
26712,0.13460585
26732,0.36110726
26746,0.6996476
26758,0.44670153
26777,0.7983196
26799,1.6465294
26809,0.8393968
26811,1.3889289
26812,1.065083
26830,0.33467478
26861,1.0811379
26866,0.90729594
26870,2.6380873
26872,0.5458746
26874,1.8292683
26907,0.55207807
26920,0.9041701
26926,2.0618696
26943,0.163147
26963,0.09257041
26993,0.19989493
27001,0.36403778
27011,1.9309028
27025,1.2567544
27036,0.99818677
27048,1.1224929
27051,0.6573934
27079,0.8834395
27094,1.9621662
27104,0.24829814
27107,0.58456075
27108,0.6015809
27109,1.4016807
27111,0.5618885
27146,0.27414748
27148,0.5490885
27167,2.343671
27175,2.1408613
27194,0.9136806
27212,1.2801166
27230,1.0889846
27248,0.37484065
27265,0.959621
27280,1.370794
27281,0.6033966
27285,-0.08125419
27288,2.0505528
27291,2.5239449
27298,0.16016477
27306,0.9302301
27309,1.6762167
27310,2.0459907
27312,0.3135791
27319,0.0853596
27347,0.3263479
27349,0.63524216
27362,0.40233648
27376,1.5834953
27380,1.597878
27385,1.2648902
27395,-0.122507416
27398,0.59470445
27401,0.59143573
27424,0.8387382
27425,0.12965032
27427,1.0379292
27429,0.94846064
27430,0.734593
27437,0.96444535
27441,0.3386239
27445,0.5454801
27509,1.0419825
27524,0.520072
27528,1.5396699
27534,2.1638334
27551,1.0913795
27560,2.2787192
27569,0.37916756
27570,0.8134506
27580,1.7055497
27587,1.9080878
27602,0.069450736
27606,0.9504704
27613,1.0364186
27623,1.3943199
27624,0.5494667
27625,1.1045129
27631,1.1255962
27633,0.89275646
27637,0.67289054
27639,0.30451313
27641,1.9622155
27664,0.6184108
27678,1.8758786
27679,0.77653927
27687,1.6890368
27712,0.98356074
27735,-0.022373633
27747,0.58564824
27750,1.5862262
27771,0.9724683
27774,1.4267408
27784,0.35655627
27792,2.5823073
27796,0.40716287
27801,1.4017259
27824,0.8953923
27826,1.2546495
27835,1.9651924
27851,1.3823683
27852,0.69046
27853,0.22565065
27861,0.4721878
27865,1.1182109
27868,0.5555422
27869,0.7746702
27877,1.4307773
27891,2.0845447
27892,1.3006586
27901,0.9709841
27906,1.2897646
27911,0.80012137
27932,0.68685144
27942,0.50499064
27948,0.40572134
27966,1.5689079
27977,1.235737
27993,0.6289961
28023,1.5677761
28036,0.13993284
28045,0.23019795
28047,1.5760713
28052,0.6376743
28062,1.3231426
28066,1.905304
28079,1.659021
28091,1.6383387
28093,0.4592481
28103,0.18340883
28108,0.9646105
28109,1.069058
28119,0.81723803
28133,1.1129613
28139,0.43417516
28145,1.7060379
28154,2.7276115
