section,metric,value
size,n_rows,27031
size,n_columns,5
size,n_distinct_alleles,72
size,n_distinct_peptides,5633
size,n_distinct_allele_peptide_pairs,27031
integrity,n_duplicate_rows,0
integrity,n_duplicate_allele_peptide_pairs,0
integrity,n_rows_with_any_missing,0
integrity,n_nonstandard_amino_acids,0
coverage,full_grid_size_alleles_x_peptides,405576
coverage,grid_fill_pct,6.66
coverage,rows_per_allele_min,7
coverage,rows_per_allele_median,368
coverage,rows_per_allele_max,1070
coverage,alleles_per_peptide_min,1
coverage,alleles_per_peptide_median,4
coverage,alleles_per_peptide_max,33
coverage,n_peptides_measured_on_one_allele_only,1703
peptide,peptide_length_min,9
peptide,peptide_length_max,9
peptide,peptide_lengths_present,9
peptide,n_distinct_amino_acids_observed,20
hla,n_distinct_hla_seq,72
hla,hla_seq_lengths_present,182
hla,max_alleles_sharing_one_hla_seq,1
hla,n_distinct_hla_pseudoseq,72
hla,hla_pseudoseq_lengths_present,34
hla,max_alleles_sharing_one_hla_pseudoseq,1
target,thalf_hours_count,27031
target,thalf_hours_n_missing,0
target,thalf_hours_mean,5.65
target,thalf_hours_std,11.8682
target,thalf_hours_min,0
target,thalf_hours_p01,0
target,thalf_hours_p05,0
target,thalf_hours_q1,0.3
target,thalf_hours_median,1.2
target,thalf_hours_q3,5.9
target,thalf_hours_p95,26.3
target,thalf_hours_p99,53
target,thalf_hours_max,256.7
target,thalf_hours_iqr,5.6
target,thalf_hours_skew,5.7883
target,thalf_hours_kurtosis,59.3991
target_log1p,log1p_thalf_hours_count,27031
target_log1p,log1p_thalf_hours_n_missing,0
target_log1p,log1p_thalf_hours_mean,1.1544
target_log1p,log1p_thalf_hours_std,1.0975
target_log1p,log1p_thalf_hours_min,0
target_log1p,log1p_thalf_hours_p01,0
target_log1p,log1p_thalf_hours_p05,0
target_log1p,log1p_thalf_hours_q1,0.2624
target_log1p,log1p_thalf_hours_median,0.7885
target_log1p,log1p_thalf_hours_q3,1.9315
target_log1p,log1p_thalf_hours_p95,3.3069
target_log1p,log1p_thalf_hours_p99,3.989
target_log1p,log1p_thalf_hours_max,5.5518
target_log1p,log1p_thalf_hours_iqr,1.6692
target_log1p,log1p_thalf_hours_skew,0.8677
target_log1p,log1p_thalf_hours_kurtosis,-0.1774
target_shape,n_at_floor_zero,4711
target_shape,pct_at_floor_zero,17.43
target_shape,n_at_observed_max,1
target_shape,n_above_2h,11184
target_shape,pct_above_2h,41.37
target_shape,n_distinct_values,943
target_shape,min_gap_between_distinct_values,0.01
target_shape,pct_values_on_0.1h_grid,98.69
